0,01;1,00000000000472;-4,72244465754557e-12;13 701;
 ;1,99999999999814;1,85984561085206e-12;
 ;3,00000000000125;-1,24700250125898e-12;
 ;3,99999999998981;1,01865182955407e-11;
 ;5,00000000001774;-1,77386993982509e-11;
 ;5,99999999998121;1,87938553608546e-11;
 ;7,00000000001298;-1,29807276039173e-11;
 ;7,99999999999349;6,50857145956252e-12;
 ;8,99999999999827;1,73017156157584e-12;
 ;10,0000000000017;-1,69997349530604e-12;9,99736928283426e-15;
0,02;1,00000000000495;-4,94582153010015e-12;6 807;
 ;1,99999999999805;1,94955163124177e-12;
 ;3,00000000000133;-1,33004718350094e-12;
 ;3,99999999998928;1,0715872633682e-11;
 ;5,00000000001863;-1,86286541747904e-11;
 ;5,99999999998028;1,97157845605034e-11;
 ;7,0000000000136;-1,36042288545468e-11;
 ;7,99999999999318;6,82476297697576e-12;
 ;8,99999999999822;1,77990955307905e-12;
 ;10,0000000000017;-1,74971148680925e-12;9,93488572481655e-15;
0,03;1,00000000000496;-4,9569237603464e-12;4 517;
 ;1,99999999999805;1,95377047873535e-12;
 ;3,00000000000134;-1,34292577058659e-12;
 ;3,99999999998922;1,07776010338512e-11;
 ;5,00000000001871;-1,87121429462422e-11;
 ;5,99999999998022;1,97841742988203e-11;
 ;7,00000000001364;-1,36379796344954e-11;
 ;7,99999999999316;6,83630929643186e-12;
 ;8,99999999999822;1,77635683940025e-12;
 ;10,0000000000017;-1,74793512996985e-12;9,99736928283426e-15;
0,04;1,00000000000497;-4,96780394598773e-12;3 372;
 ;1,99999999999804;1,95665705859938e-12;
 ;3,00000000000136;-1,35669253609194e-12;
 ;3,99999999998916;1,08375530771809e-11;
 ;5,00000000001879;-1,87947435392744e-11;
 ;5,99999999998015;1,98481231450387e-11;
 ;7,00000000001367;-1,36672895223455e-11;
 ;7,99999999999316;6,84252654536976e-12;
 ;8,99999999999822;1,77990955307905e-12;
 ;10,0000000000017;-1,74793512996985e-12;9,99736928283426e-15;
0,05;1,00000000000488;-4,88409312993099e-12;2 687;
 ;1,99999999999808;1,92290627865077e-12;
 ;3,00000000000134;-1,34248168137674e-12;
 ;3,99999999998931;1,06905595487206e-11;
 ;5,00000000001852;-1,85176318723279e-11;
 ;5,99999999998046;1,95390370549831e-11;
 ;7,00000000001344;-1,34399158469023e-11;
 ;7,99999999999328;6,72173428029055e-12;
 ;8,99999999999825;1,74971148680925e-12;
 ;10,0000000000017;-1,71596070686064e-12;9,99736928283426e-15;
0,06;1,00000000000487;-4,87210272126504e-12;2 229;
 ;1,99999999999808;1,91735516352765e-12;
 ;3,00000000000135;-1,34914301952449e-12;
 ;3,9999999999893;1,07038822250161e-11;
 ;5,00000000001852;-1,85176318723279e-11;
 ;5,99999999998049;1,95141680592315e-11;
 ;7,00000000001341;-1,34079414237931e-11;
 ;7,9999999999933;6,69686528453894e-12;
 ;8,99999999999826;1,74438241629105e-12;
 ;10,0000000000017;-1,70530256582424e-12;9,93488572481655e-15;
0,07;1,00000000000485;-4,85056439458731e-12;1 902;
 ;1,99999999999809;1,90825133472572e-12;
 ;3,00000000000135;-1,35313982241314e-12;
 ;3,99999999998931;1,06910036379304e-11;
 ;5,00000000001847;-1,84732229513429e-11;
 ;5,99999999998055;1,94484428561736e-11;
 ;7,00000000001335;-1,33502098265126e-11;
 ;7,99999999999334;6,66311450459034e-12;
 ;8,99999999999827;1,73372427525464e-12;
 ;10,0000000000017;-1,69109171110904e-12;9,87240216679884e-15;
0,08;1,00000000000488;-4,88142859467189e-12;1 656;
 ;1,99999999999808;1,91890947576212e-12;
 ;3,00000000000137;-1,37045930159729e-12;
 ;3,9999999999892;1,07984732267141e-11;
 ;5,00000000001864;-1,86375359589874e-11;
 ;5,9999999999804;1,95994331875227e-11;
 ;7,00000000001344;-1,34381394900629e-11;
 ;7,9999999999933;6,69686528453894e-12;
 ;8,99999999999826;1,74438241629105e-12;
 ;10,0000000000017;-1,69819713846664e-12;9,99736928283426e-15;
0,09;1,0000000000048;-4,8008264030841e-12;1 466;
 ;1,99999999999811;1,88626891883814e-12;
 ;3,00000000000136;-1,35713662530179e-12;
 ;3,99999999998934;1,06585851256114e-11;
 ;5,00000000001837;-1,83728587899168e-11;
 ;5,9999999999807;1,92983407032443e-11;
 ;7,00000000001322;-1,32160948851379e-11;
 ;7,99999999999342;6,57962573313853e-12;
 ;8,99999999999829;1,71418435002124e-12;
 ;10,0000000000017;-1,66799907219684e-12;9,93488572481655e-15;
0,1;1,00000000000481;-4,8105963657008e-12;1 313;
 ;1,99999999999811;1,88982163251694e-12;
 ;3,00000000000137;-1,37001521238744e-12;
 ;3,99999999998928;1,0718981258151e-11;
 ;5,00000000001845;-1,84536830261095e-11;
 ;5,99999999998064;1,93622895494627e-11;
 ;7,00000000001324;-1,32445165945683e-11;
 ;7,99999999999341;6,58584298207643e-12;
 ;8,99999999999828;1,71596070686064e-12;
 ;10,0000000000017;-1,66622271535743e-12;9,87240216679884e-15;
0,11;1,0000000000047;-4,69935201863336e-12;1 189;
 ;1,99999999999816;1,84452453311224e-12;
 ;3,00000000000135;-1,34781075189494e-12;
 ;3,99999999998949;1,05075947942623e-11;
 ;5,00000000001807;-1,80691017703793e-11;
 ;5,99999999998106;1,89377402648461e-11;
 ;7,00000000001294;-1,29407595750308e-11;
 ;7,99999999999357;6,42685904495011e-12;
 ;8,99999999999832;1,67688085639384e-12;
 ;10,0000000000016;-1,62359015121183e-12;9,80991860878112e-15;
0,12;1,00000000000477;-4,76951811378967e-12;1 084;
 ;1,99999999999813;1,87183601951801e-12;
 ;3,00000000000138;-1,37845290737459e-12;
 ;3,99999999998929;1,07056585818555e-11;
 ;5,00000000001838;-1,83844051093729e-11;
 ;5,99999999998075;1,92468263549017e-11;
 ;7,00000000001314;-1,31352706489452e-11;
 ;7,99999999999348;6,51656506533982e-12;
 ;8,9999999999983;1,69819713846664e-12;
 ;10,0000000000016;-1,64313007644523e-12;9,99736928283426e-15;
0,13;1,00000000000474;-4,73820982449524e-12;996;
 ;1,99999999999814;1,85851334322251e-12;
 ;3,00000000000138;-1,37845290737459e-12;
 ;3,99999999998933;1,06727959803266e-11;
 ;5,00000000001831;-1,83062454084393e-11;
 ;5,99999999998086;1,91411331229574e-11;
 ;7,00000000001305;-1,30491173422342e-11;
 ;7,99999999999353;6,46505071699721e-12;
 ;8,99999999999831;1,68753899743024e-12;
 ;10,0000000000016;-1,62891922173003e-12;9,87240216679884e-15;
0,14;1,00000000000465;-4,64894789331538e-12;921;
 ;1,99999999999818;1,82254211722466e-12;
 ;3,00000000000136;-1,36290978502984e-12;
 ;3,99999999998949;1,0511591597151e-11;
 ;5,00000000001801;-1,80060411025806e-11;
 ;5,99999999998119;1,88062898587305e-11;
 ;7,00000000001281;-1,28057564552364e-11;
 ;7,99999999999366;6,33715302456039e-12;
 ;8,99999999999835;1,65201186064223e-12;
 ;10,0000000000016;-1,59161572810262e-12;9,80991860878112e-15;
0,15;1,0000000000047;-4,69713157258411e-12;855;
 ;1,99999999999816;1,84008364101373e-12;
 ;3,00000000000139;-1,38689060236175e-12;
 ;3,99999999998934;1,06599173932409e-11;
 ;5,00000000001824;-1,82378556701224e-11;
 ;5,99999999998098;1,90247817499767e-11;
 ;7,00000000001294;-1,29389832181914e-11;
 ;7,99999999999361;6,3948846218409e-12;
 ;8,99999999999833;1,66977542903624e-12;
 ;10,0000000000016;-1,60227386913903e-12;9,87240216679884e-15;
0,16;1,00000000000463;-4,63296068176078e-12;798;
 ;1,99999999999819;1,81454851144736e-12;
 ;3,00000000000138;-1,37800881816474e-12;
 ;3,99999999998945;1,05533359828769e-11;
 ;5,00000000001803;-1,80300219199125e-11;
 ;5,99999999998121;1,87876381119167e-11;
 ;7,00000000001276;-1,27631238910908e-11;
 ;7,9999999999937;6,30073770935269e-12;
 ;8,99999999999836;1,64490643328463e-12;
 ;10,0000000000016;-1,57562851654802e-12;9,74743505076341e-15;
0,17;1,00000000000468;-4,67670346893101e-12;747;
 ;1,99999999999817;1,83097981221181e-12;
 ;3,0000000000014;-1,4015455462868e-12;
 ;3,9999999999893;1,06963327084486e-11;
 ;5,00000000001825;-1,82511783464179e-11;
 ;5,99999999998101;1,89936955052872e-11;
 ;7,00000000001289;-1,28856925130094e-11;
 ;7,99999999999365;6,353140236115e-12;
 ;8,99999999999834;1,65911728799983e-12;
 ;10,0000000000016;-1,58628665758442e-12;9,87240216679884e-15;
0,18;1,00000000000466;-4,66493510486998e-12;702;
 ;1,99999999999818;1,82498460787883e-12;
 ;3,00000000000141;-1,40820688443455e-12;
 ;3,99999999998929;1,07109876523737e-11;
 ;5,00000000001825;-1,82511783464179e-11;
 ;5,99999999998103;1,8970602866375e-11;
 ;7,00000000001285;-1,28546062683199e-11;
 ;7,99999999999367;6,33093577562249e-12;
 ;8,99999999999835;1,65378821748163e-12;
 ;10,0000000000016;-1,57918123022682e-12;9,93488572481655e-15;
0,19;1,0000000000046;-4,60431692772545e-12;662;
 ;1,9999999999982;1,80122583515185e-12;
 ;3,0000000000014;-1,3997691894474e-12;
 ;3,99999999998939;1,06132880262066e-11;
 ;5,00000000001806;-1,80602199861823e-11;
 ;5,99999999998125;1,87494464398696e-11;
 ;7,00000000001269;-1,2688516903836e-11;
 ;7,99999999999376;6,23945339839338e-12;
 ;8,99999999999837;1,63247193540883e-12;
 ;10,0000000000016;-1,55608859131462e-12;9,80991860878112e-15;
0,2;1,00000000000454;-4,54303261676614e-12;626;
 ;1,99999999999822;1,77613479479533e-12;
 ;3,00000000000139;-1,3917755836701e-12;
 ;3,99999999998949;1,05120356863608e-11;
 ;5,00000000001786;-1,78639325554286e-11;
 ;5,99999999998148;1,85229609428461e-11;
 ;7,00000000001252;-1,2519763004093e-11;
 ;7,99999999999385;6,14974737800367e-12;
 ;8,99999999999839;1,60937929649663e-12;
 ;10,0000000000015;-1,52944323872362e-12;9,74743505076341e-15;
0,21;1,00000000000456;-4,56235049739462e-12;593;
 ;1,99999999999822;1,78279613294308e-12;
 ;3,00000000000141;-1,4095391520641e-12;
 ;3,9999999999894;1,06017417067505e-11;
 ;5,00000000001799;-1,7990053891026e-11;
 ;5,99999999998137;1,86313187100495e-11;
 ;7,00000000001258;-1,25766064229538e-11;
 ;7,99999999999383;6,16751094639767e-12;
 ;8,99999999999839;1,61470836701483e-12;
 ;10,0000000000015;-1,52944323872362e-12;9,80991860878112e-15;
0,22;1,00000000000458;-4,5807801996034e-12;563;
 ;1,99999999999821;1,78945747109083e-12;
 ;3,00000000000143;-1,4273027204581e-12;
 ;3,99999999998931;1,06878950134615e-11;
 ;5,00000000001811;-1,81108461561053e-11;
 ;5,99999999998127;1,87307946930559e-11;
 ;7,00000000001263;-1,2626344414457e-11;
 ;7,99999999999381;6,18527451479167e-12;
 ;8,99999999999838;1,62003743753303e-12;
 ;10,0000000000015;-1,53299595240242e-12;9,80991860878112e-15;
0,23;1,00000000000451;-4,51350068431111e-12;536;
 ;1,99999999999824;1,7625900738949e-12;
 ;3,00000000000142;-1,415756401002e-12;
 ;3,99999999998943;1,05733199973201e-11;
 ;5,00000000001789;-1,7892354264859e-11;
 ;5,99999999998152;1,84821047355399e-11;
 ;7,00000000001245;-1,24451560168382e-11;
 ;7,99999999999391;6,08846306704436e-12;
 ;8,99999999999841;1,59161572810262e-12;
 ;10,0000000000015;-1,50457424297201e-12;9,80991860878112e-15;
0,24;1,0000000000045;-4,50084414183038e-12;511;
 ;1,99999999999824;1,756372824957e-12;
 ;3,00000000000142;-1,42241773914975e-12;
 ;3,99999999998941;1,05866426736156e-11;
 ;5,00000000001789;-1,78896897295999e-11;
 ;5,99999999998154;1,84554593829489e-11;
 ;7,00000000001241;-1,24087407016304e-11;
 ;7,99999999999394;6,06181771445335e-12;
 ;8,99999999999841;1,58806301442382e-12;
 ;10,0000000000015;-1,49746881561441e-12;9,87240216679884e-15;
0,25;1,00000000000449;-4,48574510869548e-12;488;
 ;1,99999999999825;1,7501555760191e-12;
 ;3,00000000000143;-1,42952316650735e-12;
 ;3,9999999999894;1,0597300814652e-11;
 ;5,00000000001788;-1,78825843022423e-11;
 ;5,99999999998158;1,84234849598397e-11;
 ;7,00000000001237;-1,2371437208003e-11;
 ;7,99999999999397;6,03428418344265e-12;
 ;8,99999999999842;1,57918123022682e-12;
 ;10,0000000000015;-1,48681067457801e-12;9,87240216679884e-15;
0,26;1,00000000000441;-4,41380265669977e-12;467;
 ;1,99999999999828;1,72106773277392e-12;
 ;3,00000000000142;-1,41797684705125e-12;
 ;3,99999999998953;1,04711794790546e-11;
 ;5,00000000001764;-1,76445524857627e-11;
 ;5,99999999998185;1,81543668986706e-11;
 ;7,00000000001217;-1,21724852419902e-11;
 ;7,99999999999407;5,92947912991804e-12;
 ;8,99999999999845;1,55431223447522e-12;
 ;10,0000000000015;-1,45838896514761e-12;9,74743505076341e-15;
0,27;1,00000000000448;-4,48041603817728e-12;447;
 ;1,99999999999825;1,74726899615507e-12;
 ;3,00000000000145;-1,4521717162097e-12;
 ;3,99999999998932;1,06750164263758e-11;
 ;5,00000000001796;-1,79598558247562e-11;
 ;5,99999999998155;1,84536830261095e-11;
 ;7,00000000001236;-1,23581145317075e-11;
 ;7,99999999999399;6,01296790136985e-12;
 ;8,99999999999843;1,57385215970862e-12;
 ;10,0000000000015;-1,47437617670221e-12;9,87240216679884e-15;
0,28;1,0000000000044;-4,39537295449099e-12;429;
 ;1,99999999999829;1,71307412699662e-12;
 ;3,00000000000144;-1,43574041544525e-12;
 ;3,99999999998948;1,0517364756879e-11;
 ;5,00000000001767;-1,76685333030946e-11;
 ;5,99999999998187;1,8129497902919e-11;
 ;7,00000000001212;-1,2122747250487e-11;
 ;7,99999999999411;5,88862292261183e-12;
 ;8,99999999999845;1,54543045027822e-12;
 ;10,0000000000014;-1,442401753593e-12;9,68495149274569e-15;
0,29;1,00000000000437;-4,37450076162804e-12;412;
 ;1,9999999999983;1,70397029819469e-12;
 ;3,00000000000144;-1,4406253967536e-12;
 ;3,99999999998949;1,05111475079411e-11;
 ;5,00000000001763;-1,76312298094672e-11;
 ;5,99999999998193;1,80682135919596e-11;
 ;7,00000000001207;-1,20667920100459e-11;
 ;7,99999999999415;5,85398396424353e-12;
 ;8,99999999999846;1,53654866608122e-12;
 ;10,0000000000014;-1,4317436125566e-12;9,68495149274569e-15;
0,3;1,00000000000439;-4,38782343792354e-12;396;
 ;1,99999999999829;1,70863323489812e-12;
 ;3,00000000000146;-1,45705669751806e-12;
 ;3,99999999998941;1,05924158333437e-11;
 ;5,00000000001774;-1,774136393351e-11;
 ;5,99999999998185;1,81543668986706e-11;
 ;7,00000000001211;-1,21058718605127e-11;
 ;7,99999999999414;5,86464210527993e-12;
 ;8,99999999999846;1,53832502292062e-12;
 ;10,0000000000014;-1,4299672557172e-12;9,87240216679884e-15;
0,31;1,00000000000441;-4,4104719876259e-12;381;
 ;1,99999999999828;1,71662684067542e-12;
 ;3,00000000000148;-1,47659662275146e-12;
 ;3,99999999998931;1,06945563516092e-11;
 ;5,00000000001788;-1,78843606590817e-11;
 ;5,99999999998172;1,82751591637498e-11;
 ;7,00000000001217;-1,21689325283114e-11;
 ;7,99999999999411;5,88507020893303e-12;
 ;8,99999999999845;1,54898316395702e-12;
 ;10,0000000000014;-1,433519969396e-12;9,87240216679884e-15;
0,32;1,00000000000441;-4,41247038907022e-12;367;
 ;1,99999999999828;1,71684888528034e-12;
 ;3,00000000000149;-1,48991929904696e-12;
 ;3,99999999998925;1,07487352352109e-11;
 ;5,00000000001795;-1,79474213268804e-11;
 ;5,99999999998169;1,83124626573772e-11;
 ;7,00000000001218;-1,2176037955669e-11;
 ;7,99999999999412;5,88062931683453e-12;
 ;8,99999999999845;1,54543045027822e-12;
 ;10,0000000000014;-1,4281908988778e-12;9,99736928283426e-15;
0,33;1,00000000000436;-4,36428670980149e-12;354;
 ;1,9999999999983;1,69797509386171e-12;
 ;3,00000000000149;-1,48681067457801e-12;
 ;3,99999999998932;1,06816777645236e-11;
 ;5,00000000001781;-1,78062009581481e-11;
 ;5,99999999998186;1,81419324007948e-11;
 ;7,00000000001204;-1,20445875495534e-11;
 ;7,99999999999419;5,80691050799942e-12;
 ;8,99999999999847;1,52589052504482e-12;
 ;10,0000000000014;-1,406874616805e-12;9,87240216679884e-15;
0,34;1,00000000000424;-4,23994173104347e-12;342;
 ;1,99999999999835;1,64868119156836e-12;
 ;3,00000000000146;-1,45616851909836e-12;
 ;3,99999999998958;1,04232178443908e-11;
 ;5,00000000001735;-1,73496772504222e-11;
 ;5,99999999998235;1,76516579131203e-11;
 ;7,0000000000117;-1,17026388579689e-11;
 ;7,99999999999437;5,63460389457759e-12;
 ;8,99999999999852;1,48148160405981e-12;
 ;10,0000000000014;-1,36246569581999e-12;9,62246793472798e-15;
0,35;1,00000000000434;-4,34141611549421e-12;330;
 ;1,99999999999831;1,68798308664009e-12;
 ;3,0000000000015;-1,50457424297201e-12;
 ;3,99999999998928;1,07220898826199e-11;
 ;5,00000000001782;-1,78168590991845e-11;
 ;5,9999999999819;1,81001880150689e-11;
 ;7,00000000001198;-1,19815268817547e-11;
 ;7,99999999999424;5,75894887333561e-12;
 ;8,99999999999848;1,51523238400841e-12;
 ;10,0000000000014;-1,3908874052504e-12;9,93488572481655e-15;
0,36;1,00000000000433;-4,32653912696424e-12;319;
 ;1,99999999999832;1,68132174849234e-12;
 ;3,00000000000151;-1,51167967032961e-12;
 ;3,99999999998926;1,07354125589154e-11;
 ;5,00000000001781;-1,78097536718269e-11;
 ;5,99999999998193;1,80664372351202e-11;
 ;7,00000000001194;-1,19433352097076e-11;
 ;7,99999999999427;5,73230352074461e-12;
 ;8,99999999999849;1,50990331349021e-12;
 ;10,0000000000014;-1,38200562105339e-12;9,93488572481655e-15;
0,37;1,00000000000417;-4,16666701141821e-12;309;
 ;1,99999999999838;1,6189272145084e-12;
 ;3,00000000000147;-1,46949119539386e-12;
 ;3,99999999998961;1,03885788860225e-11;
 ;5,00000000001721;-1,72066805248505e-11;
 ;5,99999999998257;1,74278369513559e-11;
 ;7,0000000000115;-1,15019105351166e-11;
 ;7,99999999999449;5,51114709423928e-12;
 ;8,99999999999855;1,45128353779e-12;
 ;10,0000000000013;-1,32516220219259e-12;9,55998437671026e-15;
0,38;1,00000000000419;-4,19464463163877e-12;299;
 ;1,99999999999837;1,62891922173003e-12;
 ;3,00000000000149;-1,49258383430606e-12;
 ;3,99999999998949;1,05102593295214e-11;
 ;5,00000000001738;-1,73789871382724e-11;
 ;5,99999999998242;1,75761627474458e-11;
 ;7,00000000001158;-1,15818465928896e-11;
 ;7,99999999999446;5,54045698208938e-12;
 ;8,99999999999854;1,46016532198701e-12;
 ;10,0000000000013;-1,33049127271079e-12;9,62246793472798e-15;
0,39;1,00000000000404;-4,04298816647497e-12;290;
 ;1,99999999999843;1,56941126761012e-12;
 ;3,00000000000145;-1,45172762699985e-12;
 ;3,99999999998982;1,01794128681831e-11;
 ;5,0000000000168;-1,68043357007264e-11;
 ;5,99999999998303;1,69686487083709e-11;
 ;7,00000000001116;-1,11626263787912e-11;
 ;7,99999999999467;5,33173505345985e-12;
 ;8,99999999999859;1,406874616805e-12;
 ;10,0000000000013;-1,27720056752878e-12;9,31005014463941e-15;
0,4;1,00000000000406;-4,0565328873754e-12;281;
 ;1,99999999999842;1,57585056115295e-12;
 ;3,00000000000147;-1,46993528460371e-12;
 ;3,99999999998973;1,02660102641039e-11;
 ;5,00000000001692;-1,6918022538448e-11;
 ;5,99999999998294;1,70556901935015e-11;
 ;7,0000000000112;-1,12025944076777e-11;
 ;7,99999999999466;5,34239319449625e-12;
 ;8,99999999999859;1,4086509736444e-12;
 ;10,0000000000013;-1,27720056752878e-12;9,43501726067484e-15;
0,41;1,00000000000424;-4,24216217709272e-12;272;
 ;1,99999999999835;1,64601665630926e-12;
 ;3,00000000000155;-1,55164769921612e-12;
 ;3,99999999998921;1,07909237101467e-11;
 ;5,00000000001775;-1,7750245717707e-11;
 ;5,99999999998213;1,7865708912268e-11;
 ;7,00000000001172;-1,17150733558447e-11;
 ;7,99999999999442;5,57776047571679e-12;
 ;8,99999999999853;1,47082346302341e-12;
 ;10,0000000000013;-1,32871491587139e-12;9,87240216679884e-15;
0,42;1,0000000000042;-4,19642098847817e-12;264;
 ;1,99999999999837;1,62803104331033e-12;
 ;3,00000000000155;-1,54898316395702e-12;
 ;3,99999999998927;1,07269748639283e-11;
 ;5,00000000001762;-1,76152425979126e-11;
 ;5,9999999999823;1,77022840830432e-11;
 ;7,00000000001159;-1,15898401986669e-11;
 ;7,99999999999449;5,50848255898018e-12;
 ;8,99999999999855;1,45128353779e-12;
 ;10,0000000000013;-1,30917499063798e-12;9,80991860878112e-15;
0,43;1,00000000000389;-3,89444032578012e-12;257;
 ;1,99999999999849;1,50990331349021e-12;
 ;3,00000000000145;-1,4495071809506e-12;
 ;3,99999999998999;1,00057739871318e-11;
 ;5,0000000000164;-1,64019908766022e-11;
 ;5,99999999998354;1,64561697602039e-11;
 ;7,00000000001075;-1,07549524841488e-11;
 ;7,9999999999949;5,10169684275752e-12;
 ;8,99999999999865;1,34825484110479e-12;
 ;10,0000000000012;-1,21147536447097e-12;9,18508302860398e-15;
0,44;1,00000000000414;-4,13624690054348e-12;249;
 ;1,9999999999984;1,6038281813735e-12;
 ;3,00000000000156;-1,55564450210477e-12;
 ;3,99999999998931;1,06856745674122e-11;
 ;5,00000000001749;-1,74855685486364e-11;
 ;5,99999999998249;1,75148784364865e-11;
 ;7,00000000001143;-1,14273035478618e-11;
 ;7,99999999999459;5,41078293281316e-12;
 ;8,99999999999857;1,4299672557172e-12;
 ;10,0000000000013;-1,28075328120758e-12;9,80991860878112e-15;
0,45;1,0000000000041;-4,10427247743428e-12;242;
 ;1,99999999999841;1,590505505078e-12;
 ;3,00000000000156;-1,55875312657372e-12;
 ;3,99999999998934;1,06581410364015e-11;
 ;5,00000000001741;-1,74082970261225e-11;
 ;5,99999999998259;1,74074088477028e-11;
 ;7,00000000001134;-1,13375975274721e-11;
 ;7,99999999999464;5,35926858447056e-12;
 ;8,99999999999858;1,4175327578414e-12;
 ;10,0000000000013;-1,26654242649238e-12;9,74743505076341e-15;
0,46;1,00000000000421;-4,20707912951457e-12;235;
 ;1,99999999999837;1,63069557856943e-12;
 ;3,00000000000161;-1,61248792096558e-12;
 ;3,99999999998902;1,09845466056413e-11;
 ;5,00000000001791;-1,79092296548333e-11;
 ;5,99999999998212;1,78772552317241e-11;
 ;7,00000000001162;-1,16235909786155e-11;
 ;7,99999999999451;5,48538992006797e-12;
 ;8,99999999999855;1,45128353779e-12;
 ;10,0000000000013;-1,29141142224398e-12;9,99736928283426e-15;
0,47;1,00000000000398;-3,98281407854029e-12;229;
 ;1,99999999999846;1,54409818264867e-12;
 ;3,00000000000154;-1,54232182580927e-12;
 ;3,99999999998954;1,0458300891969e-11;
 ;5,00000000001702;-1,70183866998741e-11;
 ;5,99999999998304;1,69579905673345e-11;
 ;7,00000000001101;-1,10080833337634e-11;
 ;7,99999999999481;5,18518561420933e-12;
 ;8,99999999999863;1,37134748001699e-12;
 ;10,0000000000012;-1,21858079182857e-12;9,55998437671026e-15;
0,48;1,00000000000388;-3,8791192480403e-12;223;
 ;1,9999999999985;1,50346401994739e-12;
 ;3,00000000000152;-1,51612056242811e-12;
 ;3,99999999998976;1,02380326438833e-11;
 ;5,00000000001663;-1,66284763736257e-11;
 ;5,99999999998346;1,65414348884951e-11;
 ;7,00000000001072;-1,07185371689411e-11;
 ;7,99999999999496;5,03863617495881e-12;
 ;8,99999999999867;1,33404398638959e-12;
 ;10,0000000000012;-1,18127729820117e-12;9,37253370265712e-15;
0,49;1,00000000000388;-3,88467036316342e-12;217;
 ;1,99999999999849;1,50501833218186e-12;
 ;3,00000000000153;-1,53299595240242e-12;
 ;3,99999999998969;1,03099750958791e-11;
 ;5,00000000001672;-1,67155178587564e-11;
 ;5,9999999999834;1,65982783073559e-11;
 ;7,00000000001074;-1,07354125589154e-11;
 ;7,99999999999496;5,03774799653911e-12;
 ;8,99999999999867;1,33404398638959e-12;
 ;10,0000000000012;-1,17950094136177e-12;9,37253370265712e-15;
0,5;1,000000000004;-4,00479649442786e-12;211;
 ;1,99999999999845;1,55209178842597e-12;
 ;3,0000000000016;-1,59872115546023e-12;
 ;3,99999999998931;1,069233590556e-11;
 ;5,0000000000173;-1,72981629020796e-11;
 ;5,99999999998285;1,71462843923109e-11;
 ;7,00000000001107;-1,10693676447227e-11;
 ;7,99999999999481;5,18518561420933e-12;
 ;8,99999999999863;1,37312383685639e-12;
 ;10,0000000000012;-1,20792265079217e-12;9,68495149274569e-15;
0,51;1,00000000000375;-3,74900110955423e-12;206;
 ;1,99999999999855;1,45283785002448e-12;
 ;3,00000000000151;-1,51123558111976e-12;
 ;3,99999999998993;1,00657260304615e-11;
 ;5,00000000001625;-1,62536650805123e-11;
 ;5,99999999998392;1,60813584670905e-11;
 ;7,00000000001036;-1,03623776226414e-11;
 ;7,99999999999516;4,84323692262478e-12;
 ;8,99999999999871;1,28608235172578e-12;
 ;10,0000000000011;-1,12621023617976e-12;9,06011591256855e-15;
0,52;1,00000000000409;-4,0893954889043e-12;200;
 ;1,99999999999842;1,58495438995487e-12;
 ;3,00000000000167;-1,66533453693773e-12;
 ;3,99999999998896;1,10444986489711e-11;
 ;5,0000000000178;-1,77982073523708e-11;
 ;5,99999999998242;1,75770509258655e-11;
 ;7,0000000000113;-1,13047349259432e-11;
 ;7,99999999999473;5,27400345617934e-12;
 ;8,9999999999986;1,397992832608e-12;
 ;10,0000000000012;-1,22390986234677e-12;9,99736928283426e-15;
0,53;1,00000000000403;-4,02922140096962e-12;195;
 ;1,99999999999844;1,5603074388082e-12;
 ;3,00000000000166;-1,65734093116043e-12;
 ;3,99999999998906;1,09428022199154e-11;
 ;5,0000000000176;-1,75983672079383e-11;
 ;5,99999999998265;1,73479008935828e-11;
 ;7,00000000001113;-1,11342046693608e-11;
 ;7,99999999999481;5,18518561420933e-12;
 ;8,99999999999862;1,37667655053519e-12;
 ;10,0000000000012;-1,19904086659517e-12;9,99736928283426e-15;
0,54;1,00000000000407;-4,0654146715724e-12;190;
 ;1,99999999999842;1,57607260575787e-12;
 ;3,00000000000169;-1,69153580031889e-12;
 ;3,99999999998889;1,11106679412387e-11;
 ;5,00000000001783;-1,78310699538997e-11;
 ;5,99999999998246;1,75424119674972e-11;
 ;7,00000000001124;-1,12398979013051e-11;
 ;7,99999999999478;5,22337728625644e-12;
 ;8,99999999999861;1,3855583347322e-12;
 ;10,0000000000012;-1,20436993711337e-12;9,99736928283426e-15;
0,55;1,00000000000366;-3,65685259851034e-12;186;
 ;1,99999999999858;1,41731071323647e-12;
 ;3,00000000000154;-1,53699275529107e-12;
 ;3,99999999998994;1,00564001570547e-11;
 ;5,00000000001611;-1,61062274628421e-11;
 ;5,99999999998419;1,58149049411804e-11;
 ;7,00000000001011;-1,01101349514465e-11;
 ;7,99999999999531;4,68869387759696e-12;
 ;8,99999999999875;1,24522614441958e-12;
 ;10,0000000000011;-1,07824860151595e-12;9,12259947058626e-15;
0,56;1,00000000000387;-3,86890519621375e-12;181;
 ;1,9999999999985;1,49769086021934e-12;
 ;3,00000000000164;-1,64446234407478e-12;
 ;3,9999999999893;1,07043263142259e-11;
 ;5,00000000001711;-1,71080927202638e-11;
 ;5,99999999998323;1,6767032207099e-11;
 ;7,0000000000107;-1,0698109065288e-11;
 ;7,99999999999505;4,9515946898282e-12;
 ;8,99999999999868;1,31628041799559e-12;
 ;10,0000000000011;-1,13331566353736e-12;9,62246793472798e-15;
0,57;1,00000000000362;-3,62487817540114e-12;177;
 ;1,9999999999986;1,40487621536067e-12;
 ;3,00000000000156;-1,55742085894417e-12;
 ;3,99999999998991;1,00932595614722e-11;
 ;5,0000000000161;-1,60964575002254e-11;
 ;5,99999999998426;1,5742074310765e-11;
 ;7,00000000001002;-1,00230934663159e-11;
 ;7,99999999999537;4,62918592347705e-12;
 ;8,99999999999877;1,23279164654377e-12;
 ;10,0000000000011;-1,05693231944315e-12;9,18508302860398e-15;
0,58;1,00000000000346;-3,46322970301571e-12;173;
 ;1,99999999999866;1,34248168137674e-12;
 ;3,0000000000015;-1,50413015376216e-12;
 ;3,9999999999903;9,70334923522387e-12;
 ;5,00000000001544;-1,54409818264867e-11;
 ;5,99999999998493;1,50706114254717e-11;
 ;7,00000000000958;-9,57722789962645e-12;
 ;7,99999999999559;4,41335856748992e-12;
 ;8,99999999999882;1,17594822768297e-12;
 ;10,000000000001;-1,00541797110054e-12;8,74769812247998e-15;
0,59;1,00000000000394;-3,93884924676513e-12;168;
 ;1,99999999999847;1,52722279267437e-12;
 ;3,00000000000173;-1,72928338315614e-12;
 ;3,99999999998889;1,11075593167698e-11;
 ;5,00000000001764;-1,76365588799854e-11;
 ;5,99999999998282;1,71782588154201e-11;
 ;7,00000000001089;-1,08943964960417e-11;
 ;7,99999999999499;5,00754993026931e-12;
 ;8,99999999999867;1,33226762955019e-12;
 ;10,0000000000011;-1,13864473405556e-12;9,99736928283426e-15;
0,6;1,00000000000393;-3,93218790861738e-12;164;
 ;1,99999999999848;1,52455825741526e-12;
 ;3,00000000000175;-1,74749104076e-12;
 ;3,99999999998884;1,11586295759025e-11;
 ;5,00000000001768;-1,76774150872916e-11;
 ;5,99999999998282;1,71818115290989e-11;
 ;7,00000000001087;-1,08721920355492e-11;
 ;7,99999999999501;4,9871218266162e-12;
 ;8,99999999999867;1,32693855903199e-12;
 ;10,0000000000011;-1,12976294985856e-12;9,99736928283426e-15;
0,61;1,0000000000034;-3,4028335704761e-12;161;
 ;1,99999999999868;1,31983313167439e-12;
 ;3,00000000000153;-1,52944323872362e-12;
 ;3,99999999999028;9,72377733887697e-12;
 ;5,00000000001537;-1,53681511960713e-11;
 ;5,99999999998509;1,49054102394075e-11;
 ;7,00000000000941;-9,41113853514253e-12;
 ;7,99999999999569;4,30677715712591e-12;
 ;8,99999999999885;1,14752651825256e-12;
 ;10,000000000001;-9,75219904830738e-13;8,62273100644455e-15;
0,62;1,00000000000353;-3,52762263844397e-12;157;
 ;1,99999999999863;1,36890498936282e-12;
 ;3,0000000000016;-1,60360613676858e-12;
 ;3,99999999998986;1,0144329820605e-11;
 ;5,000000000016;-1,59960933387993e-11;
 ;5,99999999998452;1,54809498553732e-11;
 ;7,00000000000975;-9,75308722672708e-12;
 ;7,99999999999555;4,45332659637643e-12;
 ;8,99999999999881;1,18838272555877e-12;
 ;10,000000000001;-1,00541797110054e-12;9,12259947058626e-15;
0,63;1,00000000000374;-3,73656661167843e-12;153;
 ;1,99999999999855;1,45106149318508e-12;
 ;3,00000000000172;-1,71862524211974e-12;
 ;3,99999999998918;1,08157927058983e-11;
 ;5,00000000001702;-1,7015722164615e-11;
 ;5,99999999998357;1,64330771212917e-11;
 ;7,00000000001033;-1,03304031995322e-11;
 ;7,99999999999529;4,70734562441066e-12;
 ;8,99999999999875;1,25410792861658e-12;
 ;10,0000000000011;-1,05515596260375e-12;9,68495149274569e-15;
0,64;1,0000000000034;-3,39550609851358e-12;150;
 ;1,99999999999868;1,31783473023006e-12;
 ;3,00000000000158;-1,58006940864652e-12;
 ;3,9999999999901;9,89741621992835e-12;
 ;5,00000000001553;-1,55333523821355e-11;
 ;5,99999999998503;1,49666945503668e-11;
 ;7,00000000000939;-9,38715771781062e-12;
 ;7,99999999999573;4,2668091282394e-12;
 ;8,99999999999886;1,13864473405556e-12;
 ;10,000000000001;-9,55679979597335e-13;8,74769812247998e-15;
0,65;1,00000000000374;-3,74322794982618e-12;146;
 ;1,99999999999855;1,45350398383925e-12;
 ;3,00000000000177;-1,765254609154e-12;
 ;3,99999999998901;1,09907638545792e-11;
 ;5,00000000001721;-1,72066805248505e-11;
 ;5,99999999998346;1,65414348884951e-11;
 ;7,00000000001035;-1,0351719481605e-11;
 ;7,99999999999531;4,69491112653486e-12;
 ;8,99999999999875;1,25233157177718e-12;
 ;10,000000000001;-1,04627417840675e-12;9,68495149274569e-15;
0,66;1,00000000000351;-3,51496609596325e-12;143;
 ;1,99999999999863;1,36624045410372e-12;
 ;3,00000000000168;-1,67732494560369e-12;
 ;3,9999999999896;1,03974606702195e-11;
 ;5,00000000001624;-1,62394542257971e-11;
 ;5,99999999998442;1,55759849462811e-11;
 ;7,00000000000972;-9,72200098203757e-12;
 ;7,9999999999956;4,39825953435502e-12;
 ;8,99999999999883;1,17417187084357e-12;
 ;10,000000000001;-9,78772618509538e-13;9,12259947058626e-15;
0,67;1,00000000000335;-3,35109717752857e-12;140;
 ;1,9999999999987;1,30429000932963e-12;
 ;3,00000000000162;-1,61781699148378e-12;
 ;3,99999999999002;9,98401361584911e-12;
 ;5,00000000001555;-1,55546686642083e-11;
 ;5,99999999998512;1,4883205778915e-11;
 ;7,00000000000927;-9,26814180957081e-12;
 ;7,99999999999582;4,18154399994819e-12;
 ;8,99999999999888;1,11910480882216e-12;
 ;10,0000000000009;-9,29034627006331e-13;8,8101816804977e-15;
0,68;1,00000000000324;-3,24318349953501e-12;137;
 ;1,99999999999874;1,2632117574185e-12;
 ;3,00000000000159;-1,58717483600412e-12;
 ;3,99999999999026;9,73843228280202e-12;
 ;5,00000000001513;-1,5131895736431e-11;
 ;5,99999999998556;1,44435574611634e-11;
 ;7,00000000000897;-8,97237839581067e-12;
 ;7,99999999999596;4,03765909595677e-12;
 ;8,99999999999892;1,08180131519475e-12;
 ;10,0000000000009;-8,93507490218326e-13;8,56024744842684e-15;
0,69;1,00000000000319;-3,19100301737762e-12;134;
 ;1,99999999999876;1,24256160916048e-12;
 ;3,00000000000158;-1,58140167627607e-12;
 ;3,99999999999035;9,65005853004186e-12;
 ;5,00000000001496;-1,49551482309107e-11;
 ;5,99999999998576;1,42410527814718e-11;
 ;7,00000000000883;-8,82582895656014e-12;
 ;7,99999999999604;3,96216393028226e-12;
 ;8,99999999999894;1,06048503312195e-12;
 ;10,0000000000009;-8,73967564984923e-13;8,43528033239141e-15;
0,7;1,00000000000319;-3,19011483895792e-12;131;
 ;1,99999999999876;1,24211751995063e-12;
 ;3,0000000000016;-1,59960933387993e-12;
 ;3,99999999999028;9,71889235756862e-12;
 ;5,00000000001502;-1,50244261476473e-11;
 ;5,99999999998573;1,42721390261613e-11;
 ;7,00000000000882;-8,82138806446164e-12;
 ;7,99999999999605;3,94972943240646e-12;
 ;8,99999999999894;1,06048503312195e-12;
 ;10,0000000000009;-8,66862137627322e-13;8,49776389040912e-15;
0,71;1,00000000000324;-3,24051896427591e-12;128;
 ;1,99999999999874;1,26432198044313e-12;
 ;3,00000000000165;-1,64757096854373e-12;
 ;3,99999999999005;9,9520391927399e-12;
 ;5,00000000001534;-1,53415058434803e-11;
 ;5,99999999998546;1,45368161952319e-11;
 ;7,00000000000896;-8,96260843319396e-12;
 ;7,999999999996;4,00213195916876e-12;
 ;8,99999999999893;1,07291953099775e-12;
 ;10,0000000000009;-8,75743921824323e-13;8,62273100644455e-15;
0,72;1,00000000000335;-3,34932082068917e-12;125;
 ;1,99999999999869;1,30739863379858e-12;
 ;3,00000000000173;-1,72617475868719e-12;
 ;3,99999999998963;1,03668185147399e-11;
 ;5,00000000001594;-1,59383617415187e-11;
 ;5,99999999998494;1,50626178196944e-11;
 ;7,00000000000926;-9,26281273905261e-12;
 ;7,99999999999588;4,12470058108738e-12;
 ;8,99999999999889;1,10667031094636e-12;
 ;10,0000000000009;-8,98836560736527e-13;8,93514879653312e-15;
0,73;1,00000000000352;-3,52140538950607e-12;122;
 ;1,99999999999862;1,37534428290564e-12;
 ;3,00000000000184;-1,83941750719896e-12;
 ;3,99999999998901;1,09894315869496e-11;
 ;5,00000000001685;-1,6846968264872e-11;
 ;5,99999999998412;1,58788537873988e-11;
 ;7,00000000000974;-9,73798819359217e-12;
 ;7,99999999999567;4,32542890393961e-12;
 ;8,99999999999884;1,16351372980716e-12;
 ;10,0000000000009;-9,39692768042732e-13;9,43501726067484e-15;
0,74;1,00000000000302;-3,024025474474e-12;120;
 ;1,99999999999882;1,18238752122579e-12;
 ;3,0000000000016;-1,60094160150948e-12;
 ;3,99999999999049;9,51150269656864e-12;
 ;5,00000000001454;-1,45403689089108e-11;
 ;5,99999999998633;1,36699540576046e-11;
 ;7,00000000000836;-8,36042346463728e-12;
 ;7,99999999999629;3,70548036698892e-12;
 ;8,99999999999901;9,9475983006414e-13;
 ;10,0000000000008;-7,99360577730113e-13;8,18534610032055e-15;
0,75;1,00000000000328;-3,27826654711316e-12;117;
 ;1,99999999999872;1,28341781646668e-12;
 ;3,00000000000176;-1,7590373602161e-12;
 ;3,9999999999896;1,0401901562318e-11;
 ;5,00000000001586;-1,5857537505326e-11;
 ;5,99999999998513;1,4865442210521e-11;
 ;7,00000000000906;-9,06474895145948e-12;
 ;7,999999999996;4,00213195916876e-12;
 ;8,99999999999892;1,08002495835535e-12;
 ;10,0000000000009;-8,63309423948522e-13;9,06011591256855e-15;
0,76;1,00000000000362;-3,62465613079621e-12;114;
 ;1,99999999999858;1,41975320389065e-12;
 ;3,00000000000197;-1,97353244857368e-12;
 ;3,9999999999884;1,15951692691851e-11;
 ;5,00000000001762;-1,76232362036899e-11;
 ;5,99999999998352;1,6476597863857e-11;
 ;7,00000000001002;-1,00195407526371e-11;
 ;7,99999999999559;4,40980585381112e-12;
 ;8,99999999999881;1,18838272555877e-12;
 ;10,0000000000009;-9,46798195400333e-13;9,93488572481655e-15;
0,77;1,00000000000322;-3,22475379732623e-12;112;
 ;1,99999999999873;1,2658762926776e-12;
 ;3,00000000000178;-1,7812418207086e-12;
 ;3,9999999999896;1,04041220083673e-11;
 ;5,00000000001577;-1,57651669496772e-11;
 ;5,9999999999853;1,46975764891977e-11;
 ;7,00000000000891;-8,91464679853016e-12;
 ;7,99999999999609;3,91420229561845e-12;
 ;8,99999999999895;1,05160324892495e-12;
 ;10,0000000000008;-8,34887714518118e-13;8,93514879653312e-15;
0,78;1,00000000000289;-2,89168688993868e-12;110;
 ;1,99999999999886;1,13642428800631e-12;
 ;3,00000000000162;-1,62181379437243e-12;
 ;3,99999999999058;9,42090849775923e-12;
 ;5,00000000001423;-1,42312828188551e-11;
 ;5,99999999998677;1,3227641204594e-11;
 ;7,000000000008;-7,99627031256023e-12;
 ;7,9999999999965;3,49853479519879e-12;
 ;8,99999999999906;9,41469124882133e-13;
 ;10,0000000000007;-7,46069872548105e-13;7,99789542626741e-15;
0,79;1,00000000000335;-3,35464989120737e-12;107;
 ;1,99999999999868;1,32116539930394e-12;
 ;3,00000000000191;-1,90913951314542e-12;
 ;3,99999999998897;1,10254028129475e-11;
 ;5,0000000000166;-1,66018310210347e-11;
 ;5,99999999998461;1,53859147644653e-11;
 ;7,00000000000927;-9,27258270166931e-12;
 ;7,99999999999596;4,04387634489467e-12;
 ;8,99999999999891;1,09423581307055e-12;
 ;10,0000000000009;-8,59756710269721e-13;9,37253370265712e-15;
0,8;1,00000000000308;-3,08353342859391e-12;105;
 ;1,99999999999878;1,21680443498917e-12;
 ;3,00000000000178;-1,77902137465935e-12;
 ;3,99999999998977;1,02295949488962e-11;
 ;5,00000000001536;-1,53574930550349e-11;
 ;5,99999999998581;1,41913147899686e-11;
 ;7,00000000000853;-8,5265128291212e-12;
 ;7,99999999999629;3,70814490224802e-12;
 ;8,999999999999;1,00186525742174e-12;
 ;10,0000000000008;-7,8337336617551e-13;8,74769812247998e-15;
0,81;1,00000000000287;-2,8652635819526e-12;103;
 ;1,99999999999887;1,13220544051273e-12;
 ;3,00000000000168;-1,67954539165294e-12;
 ;3,99999999999041;9,58966239750225e-12;
 ;5,00000000001435;-1,43476341918358e-11;
 ;5,99999999998679;1,32134303498788e-11;
 ;7,00000000000792;-7,91633425478722e-12;
 ;7,99999999999657;3,42925687846218e-12;
 ;8,99999999999907;9,27258270166931e-13;
 ;10,0000000000007;-7,22977233635902e-13;8,06037898428512e-15;
0,82;1,0000000000035;-3,50164341966774e-12;100;
 ;1,99999999999861;1,38533629012727e-12;
 ;3,00000000000209;-2,08633110787559e-12;
 ;3,99999999998817;1,18318688180352e-11;
 ;5,00000000001764;-1,76445524857627e-11;
 ;5,9999999999838;1,62021507321697e-11;
 ;7,00000000000967;-9,67492752579346e-12;
 ;7,99999999999582;4,17976764310879e-12;
 ;8,99999999999887;1,12976294985856e-12;
 ;10,0000000000009;-8,73967564984923e-13;9,99736928283426e-15;
0,83;1,00000000000334;-3,3388847242577e-12;98;
 ;1,99999999999868;1,32338584535319e-12;
 ;3,00000000000202;-2,01927363718823e-12;
 ;3,99999999998861;1,13891118758147e-11;
 ;5,00000000001693;-1,69277925010647e-11;
 ;5,99999999998451;1,5493384353249e-11;
 ;7,00000000000922;-9,2210683533267e-12;
 ;7,99999999999603;3,96926935763986e-12;
 ;8,99999999999893;1,07291953099775e-12;
 ;10,0000000000008;-8,26005930321116e-13;9,62246793472798e-15;
0,84;1,00000000000322;-3,21698223615385e-12;96;
 ;1,99999999999872;1,27697852292386e-12;
 ;3,00000000000198;-1,97797334067218e-12;
 ;3,99999999998892;1,10844666778576e-11;
 ;5,00000000001642;-1,64170899097371e-11;
 ;5,99999999998502;1,49773526914032e-11;
 ;7,00000000000888;-8,88267237542095e-12;
 ;7,99999999999619;3,80850906367414e-12;
 ;8,99999999999896;1,03561603737035e-12;
 ;10,0000000000008;-7,92255150372512e-13;9,24756658662169e-15;
0,85;1,00000000000313;-3,13105097404787e-12;94;
 ;1,99999999999875;1,24789067967868e-12;
 ;3,00000000000196;-1,95843341543878e-12;
 ;3,99999999998909;1,09086073507569e-11;
 ;5,0000000000161;-1,60982338570648e-11;
 ;5,99999999998536;1,46354039998187e-11;
 ;7,00000000000865;-8,64908145103982e-12;
 ;7,9999999999963;3,69748676121162e-12;
 ;8,99999999999899;1,00541797110054e-12;
 ;10,0000000000008;-7,65609797781508e-13;9,06011591256855e-15;
0,86;1,00000000000309;-3,08864045450719e-12;92;
 ;1,99999999999877;1,23323573575362e-12;
 ;3,00000000000196;-1,96376248595698e-12;
 ;3,99999999998914;1,08606457160931e-11;
 ;5,00000000001597;-1,59694479862083e-11;
 ;5,99999999998553;1,44693146353347e-11;
 ;7,00000000000852;-8,5229601154424e-12;
 ;7,99999999999637;3,62998520131441e-12;
 ;8,99999999999901;9,87654402706539e-13;
 ;10,0000000000007;-7,46069872548105e-13;8,99763235455084e-15;
0,87;1,00000000000308;-3,07576186742153e-12;90;
 ;1,99999999999877;1,2303491558896e-12;
 ;3,00000000000199;-1,98774330328888e-12;
 ;3,99999999998906;1,09396935954464e-11;
 ;5,00000000001603;-1,60280677619085e-11;
 ;5,99999999998553;1,44702028137544e-11;
 ;7,00000000000849;-8,4892093354938e-12;
 ;7,9999999999964;3,60156349188401e-12;
 ;8,99999999999902;9,82325332188339e-13;
 ;10,0000000000007;-7,37188088351104e-13;9,06011591256855e-15;
0,88;1,0000000000031;-3,10373948764209e-12;88;
 ;1,99999999999875;1,24522614441958e-12;
 ;3,00000000000204;-2,04103400847089e-12;
 ;3,99999999998885;1,11546327730139e-11;
 ;5,00000000001628;-1,62820867899427e-11;
 ;5,99999999998535;1,46469503192748e-11;
 ;7,00000000000856;-8,56381632274861e-12;
 ;7,99999999999638;3,61932706027801e-12;
 ;8,99999999999901;9,85878045867139e-13;
 ;10,0000000000007;-7,37188088351104e-13;9,12259947058626e-15;
0,89;1,00000000000317;-3,17057491372452e-12;86;
 ;1,99999999999872;1,27764465673863e-12;
 ;3,00000000000212;-2,12230233387345e-12;
 ;3,99999999998848;1,15201181927205e-11;
 ;5,00000000001675;-1,6749268638705e-11;
 ;5,99999999998499;1,50111034713518e-11;
 ;7,00000000000875;-8,74500472036743e-12;
 ;7,99999999999632;3,68238772807672e-12;
 ;8,99999999999899;1,00541797110054e-12;
 ;10,0000000000007;-7,49622586226906e-13;9,31005014463941e-15;
0,9;1,00000000000328;-3,27848859171809e-12;84;
 ;1,99999999999868;1,32449606837781e-12;
 ;3,00000000000223;-2,23332463633596e-12;
 ;3,99999999998795;1,20476961740223e-11;
 ;5,00000000001745;-1,74464886981696e-11;
 ;5,99999999998442;1,55768731247008e-11;
 ;7,00000000000904;-9,03810359886847e-12;
 ;7,99999999999621;3,78808096002103e-12;
 ;8,99999999999897;1,03206332369155e-12;
 ;10,0000000000008;-7,65609797781508e-13;9,80991860878112e-15;
0,91;1,00000000000248;-2,48334686148155e-12;83;
 ;1,99999999999899;1,00675023873009e-12;
 ;3,00000000000172;-1,72306613421824e-12;
 ;3,99999999999077;9,22772969147445e-12;
 ;5,00000000001331;-1,33084654407867e-11;
 ;5,99999999998816;1,18358656209239e-11;
 ;7,00000000000684;-6,84075018853036e-12;
 ;7,99999999999714;2,8563817977556e-12;
 ;8,99999999999922;7,7982065249671e-13;
 ;10,0000000000006;-5,73763259126281e-13;7,43554340410798e-15;
0,92;1,00000000000262;-2,61679566904149e-12;81;
 ;1,99999999999893;1,06692432666478e-12;
 ;3,00000000000185;-1,85096382665506e-12;
 ;3,99999999999016;9,84368142553649e-12;
 ;5,00000000001414;-1,41380240847866e-11;
 ;5,99999999998748;1,25215393609324e-11;
 ;7,00000000000721;-7,20667969744682e-12;
 ;7,99999999999701;2,99493763122882e-12;
 ;8,99999999999918;8,18900502963515e-13;
 ;10,0000000000006;-6,00408611717285e-13;7,87292831023198e-15;
0,93;1,0000000000028;-2,79642975442584e-12;79;
 ;1,99999999999886;1,14153131391959e-12;
 ;3,00000000000202;-2,01660910192913e-12;
 ;3,99999999998936;1,06430420032666e-11;
 ;5,00000000001522;-1,52216017568207e-11;
 ;5,99999999998657;1,34265931706068e-11;
 ;7,0000000000077;-7,69517782828189e-12;
 ;7,99999999999681;3,18500781304465e-12;
 ;8,99999999999913;8,73967564984923e-13;
 ;10,0000000000006;-6,32383034826489e-13;8,49776389040912e-15;
0,94;1,00000000000303;-3,0293545449922e-12;77;
 ;1,99999999999876;1,24322774297525e-12;
 ;3,00000000000223;-2,22932783344731e-12;
 ;3,99999999998832;1,16782139514271e-11;
 ;5,00000000001662;-1,66249236599469e-11;
 ;5,9999999999854;1,46034295767095e-11;
 ;7,00000000000833;-8,33111357678717e-12;
 ;7,99999999999657;3,43103323530158e-12;
 ;8,99999999999906;9,41469124882133e-13;
 ;10,0000000000007;-6,80344669490296e-13;9,18508302860398e-15;
0,95;1,00000000000233;-2,32969199487343e-12;76;
 ;1,99999999999904;9,61453139325386e-13;
 ;3,00000000000175;-1,7501555760191e-12;
 ;3,9999999999909;9,10471698034598e-12;
 ;5,0000000000129;-1,2901679724564e-11;
 ;5,99999999998872;1,12807541086113e-11;
 ;7,00000000000641;-6,4073191197167e-12;
 ;7,99999999999737;2,62811994389267e-12;
 ;8,99999999999928;7,24753590475302e-13;
 ;10,0000000000005;-5,18696197104873e-13;7,0606420560017e-15;
0,96;1,00000000000258;-2,57927013080916e-12;74;
 ;1,99999999999893;1,06958886192388e-12;
 ;3,00000000000198;-1,97752925146233e-12;
 ;3,99999999998979;1,02060582207741e-11;
 ;5,0000000000144;-1,43964840049193e-11;
 ;5,99999999998747;1,25321975019688e-11;
 ;7,00000000000709;-7,0858874323676e-12;
 ;7,99999999999711;2,89190893454361e-12;
 ;8,9999999999992;7,95807864051312e-13;
 ;10,0000000000006;-5,6843418860808e-13;7,99789542626741e-15;
0,97;1,0000000000029;-2,89568369282733e-12;72;
 ;1,99999999999879;1,2063683385577e-12;
 ;3,00000000000227;-2,26707541628457e-12;
 ;3,99999999998838;1,16204823541466e-11;
 ;5,00000000001631;-1,63140612130519e-11;
 ;5,99999999998586;1,41362477279472e-11;
 ;7,00000000000796;-7,95541410525402e-12;
 ;7,99999999999677;3,23385762612816e-12;
 ;8,9999999999991;8,95283847057726e-13;
 ;10,0000000000006;-6,28830321147689e-13;9,12259947058626e-15;
0,98;1,00000000000225;-2,25375273998907e-12;71;
 ;1,99999999999906;9,43467526326458e-13;
 ;3,0000000000018;-1,8025581027814e-12;
 ;3,99999999999083;9,16999809419394e-12;
 ;5,00000000001281;-1,28066446336561e-11;
 ;5,99999999998896;1,10444986489711e-11;
 ;7,00000000000618;-6,18260997953257e-12;
 ;7,9999999999975;2,49578135935735e-12;
 ;8,99999999999931;6,92779167366098e-13;
 ;10,0000000000005;-4,83169060316868e-13;7,18560917203713e-15;
0,99;1,00000000000259;-2,59037236105542e-12;69;
 ;1,99999999999891;1,09134923320653e-12;
 ;3,00000000000212;-2,11963779861435e-12;
 ;3,99999999998931;1,06878950134615e-11;
 ;5,00000000001485;-1,48512313558058e-11;
 ;5,99999999998726;1,27435839658574e-11;
 ;7,0000000000071;-7,0983219302434e-12;
 ;7,99999999999714;2,8554936193359e-12;
 ;8,99999999999921;7,94031507211912e-13;
 ;10,0000000000006;-5,50670620214078e-13;8,24782965833827e-15;
1;1,00000000000303;-3,02691205433803e-12;67;
 ;1,99999999999872;1,28430599488638e-12;
 ;3,00000000000253;-2,53308485298476e-12;
 ;3,99999999998733;1,26734178707011e-11;
 ;5,00000000001752;-1,75166547933259e-11;
 ;5,99999999998505;1,4954260052491e-11;
 ;7,00000000000829;-8,28848101264157e-12;
 ;7,99999999999669;3,31024097022237e-12;
 ;8,99999999999908;9,2015284280933e-13;
 ;10,0000000000006;-6,3593574850529e-13;9,62246793472798e-15;
1,01;1,00000000000238;-2,38076225400619e-12;66;
 ;1,99999999999898;1,01629815674187e-12;
 ;3,00000000000204;-2,04103400847089e-12;
 ;3,99999999998987;1,01261221630011e-11;
 ;5,00000000001392;-1,39186440151207e-11;
 ;5,99999999998818;1,18216547662087e-11;
 ;7,00000000000652;-6,51567688692012e-12;
 ;7,99999999999741;2,58992827184557e-12;
 ;8,99999999999928;7,19424519957101e-13;
 ;10,0000000000005;-4,90274487674469e-13;7,74796119419655e-15;
1,02;1,00000000000285;-2,85149681644725e-12;64;
 ;1,99999999999877;1,2285727990502e-12;
 ;3,0000000000025;-2,50288678671495e-12;
 ;3,99999999998768;1,23168142351915e-11;
 ;5,00000000001684;-1,68363101238356e-11;
 ;5,99999999998578;1,4219736499399e-11;
 ;7,00000000000779;-7,7919892760292e-12;
 ;7,99999999999692;3,08020275952003e-12;
 ;8,99999999999914;8,57980353430321e-13;
 ;10,0000000000006;-5,84421400162682e-13;9,18508302860398e-15;
1,03;1,00000000000225;-2,25419682919892e-12;63;
 ;1,99999999999902;9,77218306275063e-13;
 ;3,00000000000203;-2,02504679691629e-12;
 ;3,99999999999011;9,88897852494119e-12;
 ;5,00000000001344;-1,34381394900629e-11;
 ;5,99999999998871;1,12851950007098e-11;
 ;7,00000000000615;-6,14974737800367e-12;
 ;7,99999999999759;2,41406894474494e-12;
 ;8,99999999999932;6,78568312650896e-13;
 ;10,0000000000005;-4,58300064565265e-13;7,31057628807256e-15;
1,04;1,00000000000277;-2,76778600039052e-12;61;
 ;1,99999999999879;1,21214149828575e-12;
 ;3,00000000000255;-2,55440113505756e-12;
 ;3,99999999998765;1,23527854611893e-11;
 ;5,00000000001669;-1,66853197924866e-11;
 ;5,99999999998607;1,39293021561571e-11;
 ;7,00000000000754;-7,54329931851316e-12;
 ;7,99999999999705;2,94608781814532e-12;
 ;8,99999999999918;8,22453216642316e-13;
 ;10,0000000000005;-5,48894263374677e-13;9,18508302860398e-15;
1,05;1,00000000000219;-2,19402274126423e-12;60;
 ;1,99999999999903;9,69890834312537e-13;
 ;3,00000000000208;-2,07656114525889e-12;
 ;3,99999999999004;9,9618091553566e-12;
 ;5,00000000001337;-1,33733024654248e-11;
 ;5,9999999999889;1,1095124818894e-11;
 ;7,00000000000597;-5,97122351564394e-12;
 ;7,99999999999769;2,31370478331883e-12;
 ;8,99999999999935;6,53699316899292e-13;
 ;10,0000000000004;-4,33431068813661e-13;7,31057628807256e-15;
1,06;1,00000000000277;-2,76867417881022e-12;58;
 ;1,99999999999876;1,2356782264078e-12;
 ;3,00000000000269;-2,69428923616033e-12;
 ;3,99999999998721;1,27942101357803e-11;
 ;5,00000000001706;-1,70583547287606e-11;
 ;5,99999999998594;1,40634170975318e-11;
 ;7,00000000000752;-7,51843032276156e-12;
 ;7,9999999999971;2,89546164822241e-12;
 ;8,99999999999918;8,17124146124115e-13;
 ;10,0000000000005;-5,34683408659475e-13;9,37253370265712e-15;
1,07;1,0000000000022;-2,19801954415288e-12;57;
 ;1,99999999999901;9,9165120559519e-13;
 ;3,0000000000022;-2,20135021322676e-12;
 ;3,99999999998964;1,03579367305429e-11;
 ;5,00000000001372;-1,3716139335429e-11;
 ;5,99999999998877;1,12327924739475e-11;
 ;7,00000000000596;-5,96322990986664e-12;
 ;7,99999999999772;2,27906582495052e-12;
 ;8,99999999999936;6,44817532702291e-13;
 ;10,0000000000004;-4,19220214098459e-13;7,4980269621257e-15;
1,08;1,00000000000285;-2,85149681644725e-12;55;
 ;1,9999999999987;1,30495614314441e-12;
 ;3,00000000000294;-2,93809421236801e-12;
 ;3,99999999998631;1,36886058044183e-11;
 ;5,000000000018;-1,80007120320624e-11;
 ;5,99999999998536;1,46371803566581e-11;
 ;7,00000000000772;-7,71560593193499e-12;
 ;7,99999999999707;2,92743607133161e-12;
 ;8,99999999999917;8,33111357678717e-13;
 ;10,0000000000005;-5,36459765498876e-13;9,87240216679884e-15;
1,09;1,00000000000227;-2,26818563930919e-12;54;
 ;1,99999999999895;1,04982689208555e-12;
 ;3,00000000000241;-2,40740760659719e-12;
 ;3,99999999998889;1,11075593167698e-11;
 ;5,0000000000145;-1,44959599879257e-11;
 ;5,9999999999883;1,16999743227097e-11;
 ;7,00000000000612;-6,12310202541266e-12;
 ;7,9999999999977;2,30482299912182e-12;
 ;8,99999999999934;6,59028387417493e-13;
 ;10,0000000000004;-4,2277292777726e-13;7,87292831023198e-15;
1,1;1,00000000000179;-1,79234405095485e-12;53;
 ;1,99999999999916;8,42437231085569e-13;
 ;3,00000000000196;-1,96243021832743e-12;
 ;3,99999999999105;8,95328255978711e-12;
 ;5,00000000001159;-1,15916165555063e-11;
 ;5,99999999999071;9,28679355638451e-12;
 ;7,00000000000482;-4,82192064055198e-12;
 ;7,9999999999982;1,80033765673215e-12;
 ;8,99999999999948;5,18696197104873e-13;
 ;10,0000000000003;-3,28626015289046e-13;6,37332291780684e-15;
1,11;1,0000000000024;-2,40274466989376e-12;51;
 ;1,99999999999885;1,14641629522794e-12;
 ;3,00000000000272;-2,71649369665283e-12;
 ;3,99999999998773;1,22732934926262e-11;
 ;5,00000000001576;-1,57642787712575e-11;
 ;5,99999999998747;1,25250920746112e-11;
 ;7,00000000000645;-6,44995168386231e-12;
 ;7,99999999999761;2,38742359215394e-12;
 ;8,99999999999931;6,92779167366098e-13;
 ;10,0000000000004;-4,33431068813661e-13;8,62273100644455e-15;
1,12;1,00000000000189;-1,88693505265292e-12;50;
 ;1,99999999999908;9,15045816896054e-13;
 ;3,00000000000221;-2,20978790821391e-12;
 ;3,99999999999013;9,87210313496689e-12;
 ;5,00000000001257;-1,25686128171765e-11;
 ;5,9999999999901;9,9005248443973e-12;
 ;7,00000000000505;-5,05195885125431e-12;
 ;7,99999999999815;1,85451654033386e-12;
 ;8,99999999999946;5,38236122338276e-13;
 ;10,0000000000003;-3,35731442646647e-13;6,87319138194856e-15;
1,13;1,0000000000026;-2,60347299274599e-12;48;
 ;1,99999999999871;1,28896893158981e-12;
 ;3,00000000000316;-3,15925063887335e-12;
 ;3,99999999998607;1,39346312266753e-11;
 ;5,00000000001758;-1,75761627474458e-11;
 ;5,99999999998628;1,37188038706881e-11;
 ;7,00000000000694;-6,93578527943828e-12;
 ;7,99999999999748;2,51709764143015e-12;
 ;8,99999999999926;7,38964445190504e-13;
 ;10,0000000000005;-4,58300064565265e-13;9,49750081869255e-15;
1,14;1,00000000000203;-2,03193017966896e-12;47;
 ;1,99999999999897;1,0298428776423e-12;
 ;3,00000000000256;-2,56061838399546e-12;
 ;3,99999999998886;1,11373132938297e-11;
 ;5,0000000000139;-1,38991040898873e-11;
 ;5,99999999998926;1,07416298078533e-11;
 ;7,00000000000538;-5,38413758022216e-12;
 ;7,99999999999806;1,94066984704477e-12;
 ;8,99999999999943;5,71986902286881e-13;
 ;10,0000000000004;-3,5171865420125e-13;7,4980269621257e-15;
1,15;1,00000000000284;-2,83750800633698e-12;45;
 ;1,9999999999985;1,50057744008336e-12;
 ;3,00000000000381;-3,80895315288399e-12;
 ;3,99999999998376;1,62421187610562e-11;
 ;5,00000000002;-1,99964489411286e-11;
 ;5,99999999998476;1,52358126115359e-11;
 ;7,00000000000754;-7,53708206957526e-12;
 ;7,99999999999729;2,70539146640658e-12;
 ;8,99999999999923;7,70938868299709e-13;
 ;10,0000000000005;-4,86721773995669e-13;9,62246793472798e-15;
1,16;1,00000000000211;-2,1129764604666e-12;44;
 ;1,99999999999878;1,2241319069517e-12;
 ;3,00000000000316;-3,1605829065029e-12;
 ;3,999999999987;1,30042643320394e-11;
 ;5,00000000001566;-1,56612500745723e-11;
 ;5,99999999998834;1,16564535801444e-11;
 ;7,00000000000568;-5,6816773508217e-12;
 ;7,99999999999792;2,07833750209829e-12;
 ;8,99999999999947;5,27577981301874e-13;
 ;10,0000000000004;-3,78364006792253e-13;4,24888194520456e-15;
1,17;1,00000000000213;-2,13051798425568e-12;42;
 ;1,99999999999877;1,2294609774699e-12;
 ;3,00000000000498;-4,98312502372755e-12;
 ;3,99999999997994;2,00590655197175e-11;
 ;5,00000000002433;-2,4325430558747e-11;
 ;5,99999999998268;1,73150382920539e-11;
 ;7,00000000000739;-7,39230898716414e-12;
 ;7,99999999999752;2,47890596938305e-12;
 ;8,99999999999989;1,13686837721616e-13;
 ;10;-2,8421709430404e-14;1,06222048630114e-15;
1,18;1,00000000000084;-8,38884517406768e-13;43;
 ;1,99999999999909;9,13713549266504e-13;
 ;3,00000000000136;-1,35669253609194e-12;
 ;3,99999999999567;4,32676117156916e-12;
 ;5,00000000000406;-4,05897537802957e-12;
 ;5,9999999999974;2,60147459130167e-12;
 ;7,00000000000171;-1,70707892266364e-12;
 ;7,99999999999899;1,01163522003844e-12;
 ;8,99999999999975;2,50466314355435e-13;
 ;10,0000000000005;-4,52970994047064e-13;9,06011591256855e-15;
1,19;1,00000000000132;-1,32027722088424e-12;43;
 ;1,99999999999917;8,34887714518118e-13;
 ;3,00000000000003;-3,28626015289046e-14;
 ;3,99999999999961;3,91242593877905e-13;
 ;4,99999999999982;1,78523862359725e-13;
 ;5,99999999999948;5,24913446042774e-13;
 ;7,00000000000142;-1,4184209362611e-12;
 ;7,99999999999926;7,40740802029904e-13;
 ;8,99999999999914;8,57980353430321e-13;
 ;10,0000000000007;-6,59028387417493e-13;9,74743505076341e-15;
1,2;1,00000000000327;-3,27005089673094e-12;42;
 ;1,99999999999726;2,74291700463891e-12;
 ;3,00000000000018;-1,83852932877926e-13;
 ;4,0000000000003;-2,96651592179842e-13;
 ;4,99999999999628;3,71702668644502e-12;
 ;6,0000000000018;-1,79944947831245e-12;
 ;7,00000000000277;-2,76756395578559e-12;
 ;7,99999999999776;2,24442686658222e-12;
 ;8,99999999999779;2,21156426505331e-12;
 ;10,0000000000021;-2,1422863483167e-12;4,56129973529313e-15;
1,21;0,999999999998672;1,328381848964e-12;44;
 ;2,00000000000111;-1,10667031094636e-12;
 ;3,00000000000006;-5,6399329650958e-14;
 ;3,99999999999947;5,32018873400375e-13;
 ;5,00000000000203;-2,03126404585419e-12;
 ;5,99999999999891;1,08979492097205e-12;
 ;6,99999999999898;1,01874064739604e-12;
 ;8,00000000000088;-8,84625706021325e-13;
 ;9,00000000000094;-9,43245481721533e-13;
 ;9,9999999999991;8,95283847057726e-13;2,24940808863771e-15;
1,22;1,00000000000063;-6,26609875098438e-13;46;
 ;1,99999999999952;4,77617945193742e-13;
 ;2,99999999999992;7,50510764646606e-14;
 ;4,0000000000003;-2,97539770599542e-13;
 ;4,99999999999907;9,32587340685131e-13;
 ;6,00000000000045;-4,52082815627364e-13;
 ;7,00000000000048;-4,84945417156268e-13;
 ;7,99999999999962;3,78364006792253e-13;
 ;8,99999999999954;4,58300064565265e-13;
 ;10,0000000000004;-3,94351218346856e-13;2,56182587872628e-15;
1,23;0,999999999999679;3,21187521024058e-13;48;
 ;2,00000000000021;-2,1005419625908e-13;
 ;3,00000000000008;-8,03801469828613e-14;
 ;3,99999999999978;2,18491891246231e-13;
 ;5,00000000000049;-4,9293902293357e-13;
 ;5,9999999999998;2,00728322852228e-13;
 ;6,99999999999975;2,50466314355435e-13;
 ;8,00000000000016;-1,61648472385423e-13;
 ;9,00000000000025;-2,46913600676635e-13;
 ;9,99999999999982;1,84741111297626e-13;2,43685876269085e-15;
1,24;0,999999999999042;9,58233492553973e-13;47;
 ;2,0000000000009;-8,98836560736527e-13;
 ;2,99999999999994;5,86197757002083e-14;
 ;3,99999999999994;6,21724893790088e-14;
 ;5,00000000000137;-1,37134748001699e-12;
 ;5,99999999999906;9,40580946462433e-13;
 ;6,99999999999929;7,105427357601e-13;
 ;8,00000000000073;-7,26529947314702e-13;
 ;9,0000000000007;-7,01660951563099e-13;
 ;9,99999999999928;7,22977233635902e-13;1,87450674053142e-15;
1,25;1,00000000000059;-5,87085935421783e-13;49;
 ;1,99999999999956;4,44755343664838e-13;
 ;2,99999999999992;8,21565038222616e-14;
 ;4,00000000000023;-2,29150032282632e-13;
 ;4,99999999999915;8,5353946133182e-13;
 ;6,00000000000046;-4,57411886145564e-13;
 ;7,00000000000044;-4,43201031430362e-13;
 ;7,99999999999965;3,5171865420125e-13;
 ;8,99999999999955;4,47641923528863e-13;
 ;10,0000000000004;-3,76587649952853e-13;2,18692453061999e-15;
1,26;0,999999999999629;3,71036534829727e-13;51;
 ;2,00000000000022;-2,1627144519698e-13;
 ;3,00000000000012;-1,24344978758018e-13;
 ;3,99999999999973;2,71782596428238e-13;
 ;5,00000000000057;-5,6576965334898e-13;
 ;5,99999999999978;2,19380069665931e-13;
 ;6,99999999999971;2,8510527272374e-13;
 ;8,00000000000016;-1,61648472385423e-13;
 ;9,00000000000029;-2,93098878501041e-13;
 ;9,9999999999998;1,95399252334028e-13;3,49907924899199e-15;
1,27;0,999999999998868;1,13165032900042e-12;50;
 ;2,00000000000107;-1,06625819285e-12;
 ;2,99999999999997;2,88657986402541e-14;
 ;4,00000000000002;-1,86517468137026e-14;
 ;5,00000000000156;-1,56052948341312e-12;
 ;5,99999999999883;1,17061915716477e-12;
 ;6,99999999999919;8,13571432445315e-13;
 ;8,00000000000086;-8,63309423948522e-13;
 ;9,00000000000088;-8,82849349181924e-13;
 ;9,99999999999912;8,79296635503124e-13;2,49934232070857e-15;
1,28;1,00000000000085;-8,5265128291212e-13;52;
 ;1,9999999999994;5,9929838869266e-13;
 ;2,99999999999981;1,92290627865077e-13;
 ;4,00000000000038;-3,81028542051354e-13;
 ;4,99999999999875;1,25144339335748e-12;
 ;6,00000000000066;-6,64357457935694e-13;
 ;7,00000000000063;-6,32383034826489e-13;
 ;7,99999999999953;4,67181848762266e-13;
 ;8,99999999999931;6,89226453687297e-13;
 ;10,0000000000005;-5,25801624462474e-13;4,62378329331085e-15;
1,29;0,999999999999356;6,44373443492441e-13;54;
 ;2,00000000000031;-3,11750625314744e-13;
 ;3,00000000000029;-2,88657986402541e-13;
 ;3,99999999999944;5,55555601522428e-13;
 ;5,000000000001;-1,00364161426114e-12;
 ;5,99999999999965;3,5349501104065e-13;
 ;6,99999999999951;4,90274487674469e-13;
 ;8,00000000000023;-2,25597318603832e-13;
 ;9,00000000000054;-5,36459765498876e-13;
 ;9,99999999999971;2,94875235340442e-13;8,12286254230284e-15;
1,3;0,999999999997945;2,05480077397624e-12;53;
 ;2,00000000000185;-1,85229609428461e-12;
 ;3,00000000000013;-1,27897692436818e-13;
 ;3,99999999999999;1,46549439250521e-14;
 ;5,00000000000277;-2,76667577736589e-12;
 ;5,99999999999787;2,1342927425394e-12;
 ;6,99999999999858;1,424638185199e-12;
 ;8,00000000000148;-1,48325796089921e-12;
 ;9,00000000000171;-1,71063163634244e-12;
 ;9,99999999999841;1,58628665758442e-12;2,06195741458457e-15;
1,31;0,999999999999525;4,74509320724792e-13;57;
 ;2,00000000000052;-5,21360732363974e-13;
 ;2,99999999999995;4,75175454539567e-14;
 ;4,00000000000019;-1,90070181815827e-13;
 ;5,00000000000057;-5,74651437545981e-13;
 ;5,9999999999994;5,96855898038484e-13;
 ;6,99999999999969;3,11750625314744e-13;
 ;8,00000000000043;-4,2632564145606e-13;
 ;9,0000000000004;-3,99680288865056e-13;
 ;9,99999999999956;4,40536496171262e-13;3,56156280700971e-15;
1,32;1,00000000000051;-5,13367126586672e-13;59;
 ;1,99999999999963;3,68594044175552e-13;
 ;2,99999999999987;1,34559030584569e-13;
 ;4,00000000000018;-1,78523862359725e-13;
 ;4,99999999999927;7,34523553092004e-13;
 ;6,00000000000045;-4,52082815627364e-13;
 ;7,00000000000035;-3,5438318946035e-13;
 ;7,99999999999972;2,8244073746464e-13;
 ;8,99999999999956;4,40536496171262e-13;
 ;10,0000000000003;-3,28626015289046e-13;2,56182587872628e-15;
1,33;0,99999999999465;5,34972066645878e-12;56;
 ;2,00000000000468;-4,68292071786891e-12;
 ;3,00000000000077;-7,70494779089859e-13;
 ;3,99999999999984;1,57651669496772e-13;
 ;5,00000000000703;-7,03082037034619e-12;
 ;5,99999999999437;5,63282753773819e-12;
 ;6,99999999999643;3,5669245335157e-12;
 ;8,00000000000371;-3,71080943750712e-12;
 ;9,00000000000469;-4,68958205601666e-12;
 ;9,99999999999586;4,13535872212378e-12;9,37253370265712e-16;
1,34;0,999999999998245;1,75504055732745e-12;60;
 ;2,00000000000163;-1,62803104331033e-12;
 ;3,00000000000021;-2,1005419625908e-13;
 ;4,00000000000014;-1,4033219031262e-13;
 ;5,00000000000222;-2,21600515715181e-12;
 ;5,99999999999804;1,96287430753728e-12;
 ;6,99999999999886;1,13775655563586e-12;
 ;8,0000000000013;-1,29851684960158e-12;
 ;9,00000000000157;-1,56674673235102e-12;
 ;9,99999999999855;1,4459544672718e-12;3,43659569097428e-15;
1,35;0,999999999950365;4,96352958734292e-11;55;
 ;2,00000000004318;-4,31819024981905e-11;
 ;3,00000000000948;-9,47997236266929e-12;
 ;3,99999999999841;1,58539847916472e-12;
 ;5,00000000006401;-6,40119068862077e-11;
 ;5,9999999999467;5,32995869662045e-11;
 ;6,99999999996798;3,20241611007077e-11;
 ;8,00000000003384;-3,3844926861093e-11;
 ;9,00000000004508;-4,50803838702996e-11;
 ;9,99999999996111;3,88862275713109e-11;2,12444097260228e-15;
1,36;1,00000000000091;-9,08162434143378e-13;66;
 ;1,99999999999951;4,85611550971043e-13;
 ;2,99999999999956;4,36095604072761e-13;
 ;4,00000000000059;-5,94191362779384e-13;
 ;4,99999999999863;1,37223565843669e-12;
 ;6,00000000000069;-6,94555524205498e-13;
 ;7,00000000000062;-6,17284001691587e-13;
 ;7,99999999999966;3,37507799486048e-13;
 ;8,99999999999917;8,29558643999917e-13;
 ;10,0000000000005;-4,63629135083465e-13;9,93488572481655e-15;
1,37;0,999999999991723;8,27660162627808e-12;63;
 ;2,00000000000704;-7,03614944086439e-12;
 ;3,00000000000208;-2,07966976972784e-12;
 ;3,99999999999941;5,92859095149834e-13;
 ;5,00000000001061;-1,06066266880589e-11;
 ;5,99999999999106;8,94218032954086e-12;
 ;6,99999999999482;5,17719200843203e-12;
 ;8,00000000000543;-5,43387557172537e-12;
 ;9,00000000000777;-7,7680084586973e-12;
 ;9,99999999999354;6,45705711121991e-12;6,37332291780684e-15;
1,38;1,00000000000152;-1,51589851782319e-12;69;
 ;1,99999999999839;1,60982338570648e-12;
 ;2,99999999999983;1,71862524211974e-13;
 ;3,99999999999954;4,58300064565265e-13;
 ;4,99999999999831;1,69197988952874e-12;
 ;6,00000000000195;-1,95132798808118e-12;
 ;7,00000000000088;-8,79296635503124e-13;
 ;7,99999999999872;1,27720056752878e-12;
 ;8,99999999999853;1,46727074934461e-12;
 ;10,0000000000015;-1,47970524722041e-12;9,31005014463941e-15;
1,39;1,000000000001;-9,97646409928166e-13;73;
 ;1,99999999999915;8,46434033974219e-13;
 ;2,9999999999997;3,00204305858642e-13;
 ;4,00000000000009;-8,97060203897126e-14;
 ;4,99999999999874;1,26387789123328e-12;
 ;6,0000000000011;-1,10222941884786e-12;
 ;7,0000000000006;-6,01296790136985e-13;
 ;7,99999999999936;6,44817532702291e-13;
 ;8,99999999999903;9,66338120633736e-13;
 ;10,0000000000008;-7,90478793533111e-13;9,37253370265712e-16;
1,4;1,00000000000071;-7,14761583253676e-13;77;
 ;1,99999999999955;4,53415083256914e-13;
 ;2,99999999999966;3,36175531856497e-13;
 ;4,00000000000033;-3,31290550548147e-13;
 ;4,99999999999898;1,01874064739604e-12;
 ;6,00000000000066;-6,64357457935694e-13;
 ;7,00000000000044;-4,44089209850063e-13;
 ;7,99999999999968;3,19744231092045e-13;
 ;8,99999999999931;6,91002810526697e-13;
 ;10,0000000000004;-4,29878355134861e-13;5,68600377961199e-15;
1,41;1,00000000001349;-1,349120815064e-11;72;
 ;1,99999999998785;1,21480603354485e-11;
 ;2,99999999999583;4,17088585891179e-12;
 ;4,00000000000024;-2,38031816479634e-13;
 ;4,99999999998366;1,63424829224823e-11;
 ;6,00000000001581;-1,5813128584341e-11;
 ;7,00000000000766;-7,65520979939538e-12;
 ;7,99999999999085;9,15179043659009e-12;
 ;8,99999999998643;1,35713662530179e-11;
 ;10,0000000000115;-1,15338849582258e-11;9,06011591256855e-15;
1,42;0,999999999995234;4,76596540011087e-12;78;
 ;2,0000000000041;-4,09583478244713e-12;
 ;3,00000000000173;-1,72839520473644e-12;
 ;3,99999999999952;4,80948614267618e-13;
 ;5,00000000000592;-5,91615645362253e-12;
 ;5,99999999999452;5,48450174164827e-12;
 ;6,99999999999733;2,67164068645798e-12;
 ;8,00000000000303;-3,02691205433803e-12;
 ;9,00000000000486;-4,85833595575969e-12;
 ;9,99999999999607;3,92752497191395e-12;3,62404636502742e-15;
1,43;1,00000000000209;-2,09121608918394e-12;84;
 ;1,99999999999845;1,54720680711762e-12;
 ;2,99999999999903;9,72111280361787e-13;
 ;4,00000000000065;-6,47482067961391e-13;
 ;4,9999999999972;2,79509748679629e-12;
 ;6,00000000000223;-2,23288054712611e-12;
 ;7,00000000000119;-1,18749454713907e-12;
 ;7,99999999999891;1,09157127781145e-12;
 ;8,99999999999786;2,1440627051561e-12;
 ;10,0000000000015;-1,49924517245381e-12;9,87240216679884e-15;
1,44;1,00000000000054;-5,38236122338276e-13;92;
 ;1,99999999999962;3,80806497446429e-13;
 ;2,99999999999973;2,69562150378988e-13;
 ;4,00000000000019;-1,93622895494627e-13;
 ;4,99999999999927;7,25641768895002e-13;
 ;6,00000000000057;-5,6932236702778e-13;
 ;7,0000000000003;-3,01092484278342e-13;
 ;7,99999999999974;2,62900812231237e-13;
 ;8,99999999999945;5,54223333892878e-13;
 ;10,0000000000004;-3,69482222595252e-13;3,12417790088571e-15;
1,45;0,999999999999656;3,43836070726411e-13;98;
 ;2,00000000000016;-1,60316204755873e-13;
 ;3,00000000000024;-2,35367281220533e-13;
 ;3,99999999999974;2,62012633811537e-13;
 ;5,00000000000054;-5,40012479177676e-13;
 ;5,99999999999969;3,09086090055644e-13;
 ;6,9999999999998;1,99840144432528e-13;
 ;8,00000000000009;-8,88178419700125e-14;
 ;9,00000000000035;-3,49942297361849e-13;
 ;9,99999999999985;1,54543045027822e-13;4,8737175253817e-15;
1,46;0,999999999994294;5,70576919045607e-12;93;
 ;2,00000000000506;-5,05862018940206e-12;
 ;3,00000000000252;-2,51931808747941e-12;
 ;3,9999999999993;7,00772773143399e-13;
 ;5,00000000000691;-6,91002810526697e-12;
 ;5,99999999999303;6,96953605938688e-12;
 ;6,99999999999715;2,8483881919783e-12;
 ;8,00000000000357;-3,5722536040339e-12;
 ;9,00000000000618;-6,18349815795227e-12;
 ;9,999999999995;5,00399721659051e-12;8,12286254230284e-16;
1,47;1,00000000000137;-1,37201361383177e-12;103;
 ;1,99999999999892;1,07647224467655e-12;
 ;2,99999999999927;7,29194482573803e-13;
 ;4,00000000000041;-4,12114786740858e-13;
 ;4,99999999999821;1,79412040779425e-12;
 ;6,0000000000016;-1,60049751229963e-12;
 ;7,00000000000069;-6,92779167366098e-13;
 ;7,99999999999927;7,27418125734403e-13;
 ;8,9999999999985;1,49924517245381e-12;
 ;10,0000000000011;-1,06936681731895e-12;5,06116819943485e-15;
1,48;0,999999999999544;4,55524507003702e-13;113;
 ;2,00000000000026;-2,58904009342587e-13;
 ;3,00000000000031;-3,06421554796543e-13;
 ;3,99999999999972;2,79332112995689e-13;
 ;5,00000000000067;-6,67021993194794e-13;
 ;5,99999999999954;4,64517313503165e-13;
 ;6,99999999999976;2,38031816479634e-13;
 ;8,00000000000015;-1,54543045027822e-13;
 ;9,00000000000049;-4,88498130835069e-13;
 ;9,99999999999974;2,59348098552437e-13;4,68626685132856e-15;
1,49;0,999999999999885;1,14797060746241e-13;120;
 ;2,00000000000037;-3,65041330496751e-13;
 ;2,99999999999991;9,41469124882133e-14;
 ;4,00000000000036;-3,60600438398251e-13;
 ;4,9999999999999;9,76996261670138e-14;
 ;5,99999999999969;3,13526982154144e-13;
 ;6,99999999999999;6,21724893790088e-15;
 ;8,00000000000029;-2,93098878501041e-13;
 ;9,00000000000017;-1,65201186064223e-13;
 ;9,99999999999962;3,78364006792253e-13;8,62273100644455e-15;
1,5;0,999999999998019;1,98063787593128e-12;120;
 ;2,00000000000165;-1,65112368222253e-12;
 ;3,00000000000113;-1,13464793116691e-12;
 ;3,99999999999944;5,6399329650958e-13;
 ;5,00000000000253;-2,52686760404686e-12;
 ;5,99999999999753;2,46913600676635e-12;
 ;6,99999999999912;8,77520278663724e-13;
 ;8,00000000000107;-1,07291953099775e-12;
 ;9,00000000000226;-2,26307861339592e-12;
 ;9,99999999999832;1,68220992691204e-12;4,4363326192577e-15;
1,51;1,00000000000051;-5,08926234488172e-13;134;
 ;1,99999999999975;2,54241072639161e-13;
 ;2,99999999999959;4,05897537802957e-13;
 ;4,0000000000004;-3,95239396766556e-13;
 ;4,99999999999919;8,09130540346814e-13;
 ;6,00000000000054;-5,44453371276177e-13;
 ;7,00000000000024;-2,43360886997834e-13;
 ;7,99999999999988;1,22568621918617e-13;
 ;8,99999999999943;5,71986902286881e-13;
 ;10,0000000000003;-2,54019028034236e-13;6,93567493996627e-15;
1,52;0,999999999999721;2,79110068390764e-13;143;
 ;2,0000000000005;-4,9604764740252e-13;
 ;3,00000000000002;-1,86517468137026e-14;
 ;4,00000000000027;-2,74447131687339e-13;
 ;5,0000000000001;-1,03916875104915e-13;
 ;5,9999999999995;5,00044450291171e-13;
 ;6,99999999999993;7,28306304154103e-14;
 ;8,00000000000036;-3,60600438398251e-13;
 ;9,00000000000036;-3,5704772471945e-13;
 ;9,99999999999947;5,27577981301874e-13;8,18534610032055e-15;
1,53;0,999999999999255;7,45070671825943e-13;151;
 ;2,00000000000049;-4,9471537977297e-13;
 ;3,00000000000055;-5,50670620214078e-13;
 ;3,99999999999957;4,31654711974261e-13;
 ;5,00000000000108;-1,08357767203415e-12;
 ;5,9999999999991;9,01501095995627e-13;
 ;6,99999999999969;3,09974268475344e-13;
 ;8,00000000000027;-2,71782596428238e-13;
 ;9,00000000000087;-8,70414851306123e-13;
 ;9,9999999999995;5,04485342389671e-13;6,12338868573599e-15;
1,54;0,999999999999806;1,93955962402015e-13;166;
 ;2,00000000000041;-4,05453448593107e-13;
 ;2,99999999999999;5,77315972805081e-15;
 ;4,00000000000025;-2,46025422256935e-13;
 ;5,00000000000002;-2,39808173319034e-14;
 ;5,99999999999962;3,83693077310454e-13;
 ;6,99999999999997;3,01980662698043e-14;
 ;8,00000000000029;-2,94875235340442e-13;
 ;9,00000000000027;-2,66453525910038e-13;
 ;9,99999999999956;4,44089209850063e-13;7,74796119419655e-15;
1,55;1,00000000000072;-7,15649761673376e-13;176;
 ;1,99999999999959;4,08784117666983e-13;
 ;2,9999999999994;5,97299987248334e-13;
 ;4,00000000000052;-5,23137089203374e-13;
 ;4,99999999999889;1,11466391672366e-12;
 ;6,00000000000086;-8,59756710269721e-13;
 ;7,00000000000029;-2,89546164822241e-13;
 ;7,9999999999998;1,96287430753728e-13;
 ;8,99999999999914;8,56203996590921e-13;
 ;10,0000000000004;-4,17443857259059e-13;8,18534610032055e-15;
1,56;0,999999999999173;8,26894108740817e-13;189;
 ;2,00000000000099;-9,9298347322474e-13;
 ;3,00000000000043;-4,32098801184111e-13;
 ;4,00000000000003;-3,19744231092045e-14;
 ;5,00000000000081;-8,08242361927114e-13;
 ;5,99999999999874;1,26210153439388e-12;
 ;6,99999999999978;2,22932783344731e-13;
 ;8,00000000000063;-6,25277607468888e-13;
 ;9,00000000000106;-1,06403774680075e-12;
 ;9,99999999999893;1,07469588783715e-12;7,74796119419655e-15;
1,57;1,00000000000021;-2,10276240864005e-13;214;
 ;1,99999999999958;4,15445455814734e-13;
 ;2,99999999999998;2,48689957516035e-14;
 ;3,99999999999979;2,09166017839379e-13;
 ;4,99999999999995;4,61852778244065e-14;
 ;6,0000000000004;-3,97015753605956e-13;
 ;7,00000000000002;-1,95399252334028e-14;
 ;7,99999999999971;2,8510527272374e-13;
 ;8,99999999999971;2,89546164822241e-13;
 ;10,0000000000005;-4,67181848762266e-13;7,62299407816113e-15;
1,58;1,00000000000015;-1,49658063719471e-13;237;
 ;1,99999999999961;3,8880010322373e-13;
 ;3,00000000000002;-2,48689957516035e-14;
 ;3,99999999999975;2,49134046725885e-13;
 ;5,00000000000005;-4,79616346638068e-14;
 ;6,00000000000033;-3,29514193708746e-13;
 ;7;8,88178419700125e-16;
 ;7,99999999999972;2,75335310107039e-13;
 ;8,99999999999977;2,27373675443232e-13;
 ;10,0000000000004;-4,38760139331862e-13;8,31031321635598e-15;
1,59;0,999999999999723;2,77111666946439e-13;262;
 ;2,00000000000053;-5,31574784190525e-13;
 ;3,00000000000006;-5,99520433297585e-14;
 ;4,00000000000022;-2,22932783344731e-13;
 ;5,00000000000009;-8,70414851306123e-14;
 ;5,99999999999948;5,21360732363974e-13;
 ;6,99999999999998;2,04281036531029e-14;
 ;8,00000000000035;-3,5171865420125e-13;
 ;9,0000000000004;-3,97903932025656e-13;
 ;9,9999999999994;6,03961325396085e-13;9,24756658662169e-15;
1,6;1,00000000000106;-1,05782049786285e-12;287;
 ;1,99999999999878;1,2188028364335e-12;
 ;2,99999999999931;6,94999613415348e-13;
 ;4,00000000000017;-1,67865721323324e-13;
 ;4,99999999999886;1,14397380457376e-12;
 ;6,00000000000166;-1,66267000167863e-12;
 ;7,0000000000002;-1,99840144432528e-13;
 ;7,99999999999932;6,83009204749396e-13;
 ;8,99999999999856;1,4352963262354e-12;
 ;10,0000000000014;-1,35536026846239e-12;7,68547763617884e-15;
1,61;0,999999999999591;4,09006162271908e-13;339;
 ;2,00000000000062;-6,15063555642337e-13;
 ;3,0000000000002;-2,02948768901479e-13;
 ;4,00000000000009;-8,70414851306123e-14;
 ;5,00000000000031;-3,07309733216243e-13;
 ;5,9999999999993;7,04325486822199e-13;
 ;6,99999999999996;3,64153152077051e-14;
 ;8,00000000000036;-3,64153152077051e-13;
 ;9,00000000000058;-5,79092329644482e-13;
 ;9,9999999999993;6,99884594723699e-13;7,81044475221427e-15;
1,62;1,00000000000114;-1,14086518010481e-12;387;
 ;1,99999999999865;1,35225164399344e-12;
 ;2,9999999999992;8,03357380618763e-13;
 ;4,00000000000023;-2,29150032282632e-13;
 ;4,99999999999877;1,23456800338317e-12;
 ;6,00000000000185;-1,85274018349446e-12;
 ;7,00000000000015;-1,48325796089921e-13;
 ;7,99999999999929;7,14095449438901e-13;
 ;8,99999999999841;1,58983937126322e-12;
 ;10,0000000000015;-1,53121959556302e-12;9,31005014463941e-15;
1,63;0,999999999978706;2,12938555677056e-11;423;
 ;2,00000000002016;-2,0158097413514e-11;
 ;3,00000000001831;-1,83053572300196e-11;
 ;3,99999999998913;1,08721920355492e-11;
 ;5,00000000002857;-2,85682588696545e-11;
 ;5,9999999999666;3,34043903649217e-11;
 ;6,99999999999679;3,21076498721595e-12;
 ;8,00000000000905;-9,05231445358368e-12;
 ;9,00000000002958;-2,95763413760142e-11;
 ;9,99999999997752;2,24762430889314e-11;5,24861887348799e-15;
1,64;1,0000000000081;-8,09863287543067e-12;556;
 ;1,99999999999211;7,88569209930756e-12;
 ;2,99999999999292;7,07878200501e-12;
 ;4,00000000000417;-4,16555678839359e-12;
 ;4,99999999998919;1,08100195461702e-11;
 ;6,00000000001297;-1,29682931060415e-11;
 ;7,00000000000098;-9,75219904830738e-13;
 ;7,99999999999657;3,43103323530158e-12;
 ;8,99999999998857;1,14344089752194e-11;
 ;10,0000000000089;-8,87112605596485e-12;4,24888194520456e-15;
1,65;0,999999999997646;2,35367281220533e-12;793;
 ;2,00000000000235;-2,35411690141518e-12;
 ;3,00000000000208;-2,08411066182634e-12;
 ;3,99999999999878;1,21769261340887e-12;
 ;5,00000000000311;-3,11484171788834e-12;
 ;5,99999999999616;3,84137166520304e-12;
 ;6,99999999999979;2,08721928629529e-13;
 ;8,00000000000099;-9,9120711638534e-13;
 ;9,00000000000337;-3,36974892434228e-12;
 ;9,99999999999732;2,67519340013678e-12;3,24914501692114e-15;
1,66;0,999999999986011;1,39890321548819e-11;1 166;
 ;2,0000000000135;-1,34980915333927e-11;
 ;3,00000000001316;-1,31592514662771e-11;
 ;3,99999999999161;8,38751290643813e-12;
 ;5,00000000001948;-1,94759763871843e-11;
 ;5,99999999997683;2,31699104347172e-11;
 ;6,99999999999909;9,08606523353228e-13;
 ;8,00000000000517;-5,17452747317293e-12;
 ;9,00000000002032;-2,03179695290601e-11;
 ;9,99999999998465;1,5351275806097e-11;2,06195741458457e-15;
1,67;0,999999999993677;6,32316421445012e-12;2 783;
 ;2,00000000000598;-5,98410210272959e-12;
 ;3,00000000000621;-6,21414031343193e-12;
 ;3,99999999999584;4,16466860997389e-12;
 ;5,00000000000909;-9,09405883930958e-12;
 ;5,99999999998936;1,06412656464272e-11;
 ;6,99999999999976;2,40696351738734e-13;
 ;8,0000000000021;-2,0961010704923e-12;
 ;9,0000000000093;-9,29745169742091e-12;
 ;9,99999999999318;6,82476297697576e-12;6,31083935978913e-15;
1,68;inf;-inf;231 494;
 ;-na n(i nd);-na n(i nd);
 ;-na n(i nd);-na n(i nd);
 ;-na n(i nd);-na n(i nd);
 ;-na n(i nd);-na n(i nd);
 ;-na n(i nd);-na n(i nd);
 ;-na n(i nd);-na n(i nd);
 ;-na n(i nd);-na n(i nd);
 ;-na n(i nd);-na n(i nd);
 ;-na n(i nd);-na n(i nd);-na n(i nd);
1,69;-na n(i nd);-na n(i nd);44 779;
 ;-na n(i nd);-na n(i nd);
 ;-na n(i nd);-na n(i nd);
 ;-na n(i nd);-na n(i nd);
 ;-na n(i nd);-na n(i nd);
 ;-na n(i nd);-na n(i nd);
 ;-na n(i nd);-na n(i nd);
 ;-na n(i nd);-na n(i nd);
 ;-na n(i nd);-na n(i nd);
 ;-na n(i nd);-na n(i nd);-na n(i nd);
1,7;-inf;inf;24 817;
 ;-na n(i nd);-na n(i nd);
 ;-na n(i nd);-na n(i nd);
 ;-na n(i nd);-na n(i nd);
 ;-na n(i nd);-na n(i nd);
 ;-na n(i nd);-na n(i nd);
 ;-na n(i nd);-na n(i nd);
 ;-na n(i nd);-na n(i nd);
 ;-na n(i nd);-na n(i nd);
 ;-na n(i nd);-na n(i nd);-na n(i nd);
1,71;-na n(i nd);-na n(i nd);17 184;
 ;-na n(i nd);-na n(i nd);
 ;-na n(i nd);-na n(i nd);
 ;-na n(i nd);-na n(i nd);
 ;-na n(i nd);-na n(i nd);
 ;-na n(i nd);-na n(i nd);
 ;-na n(i nd);-na n(i nd);
 ;-na n(i nd);-na n(i nd);
 ;-na n(i nd);-na n(i nd);
 ;-na n(i nd);-na n(i nd);-na n(i nd);
1,72;inf;-inf;13 144;
 ;-na n(i nd);-na n(i nd);
 ;-na n(i nd);-na n(i nd);
 ;-na n(i nd);-na n(i nd);
 ;-na n(i nd);-na n(i nd);
 ;-na n(i nd);-na n(i nd);
 ;-na n(i nd);-na n(i nd);
 ;-na n(i nd);-na n(i nd);
 ;-na n(i nd);-na n(i nd);
 ;-na n(i nd);-na n(i nd);-na n(i nd);
1,73;inf;-inf;10 646;
 ;-na n(i nd);-na n(i nd);
 ;-na n(i nd);-na n(i nd);
 ;-na n(i nd);-na n(i nd);
 ;-na n(i nd);-na n(i nd);
 ;-na n(i nd);-na n(i nd);
 ;-na n(i nd);-na n(i nd);
 ;-na n(i nd);-na n(i nd);
 ;-na n(i nd);-na n(i nd);
 ;-na n(i nd);-na n(i nd);-na n(i nd);
1,74;-inf;inf;8 947;
 ;-na n(i nd);-na n(i nd);
 ;-na n(i nd);-na n(i nd);
 ;-na n(i nd);-na n(i nd);
 ;-na n(i nd);-na n(i nd);
 ;-na n(i nd);-na n(i nd);
 ;-na n(i nd);-na n(i nd);
 ;-na n(i nd);-na n(i nd);
 ;-na n(i nd);-na n(i nd);
 ;-na n(i nd);-na n(i nd);-na n(i nd);
1,75;-na n(i nd);-na n(i nd);7 716;
 ;-na n(i nd);-na n(i nd);
 ;-na n(i nd);-na n(i nd);
 ;-na n(i nd);-na n(i nd);
 ;-na n(i nd);-na n(i nd);
 ;-na n(i nd);-na n(i nd);
 ;-na n(i nd);-na n(i nd);
 ;-na n(i nd);-na n(i nd);
 ;-na n(i nd);-na n(i nd);
 ;-na n(i nd);-na n(i nd);-na n(i nd);
1,76;-na n(i nd);-na n(i nd);6 781;
 ;-na n(i nd);-na n(i nd);
 ;-na n(i nd);-na n(i nd);
 ;-na n(i nd);-na n(i nd);
 ;-na n(i nd);-na n(i nd);
 ;-na n(i nd);-na n(i nd);
 ;-na n(i nd);-na n(i nd);
 ;-na n(i nd);-na n(i nd);
 ;-na n(i nd);-na n(i nd);
 ;-na n(i nd);-na n(i nd);-na n(i nd);
1,77;1,09405054798669e+307;-1,09405054798669e+307;6 047;
 ;-inf;inf;
 ;-na n(i nd);-na n(i nd);
 ;-na n(i nd);-na n(i nd);
 ;-na n(i nd);-na n(i nd);
 ;-na n(i nd);-na n(i nd);
 ;-na n(i nd);-na n(i nd);
 ;-na n(i nd);-na n(i nd);
 ;-na n(i nd);-na n(i nd);
 ;-na n(i nd);-na n(i nd);-na n(i nd);
1,78;inf;-inf;5 455;
 ;-na n(i nd);-na n(i nd);
 ;-na n(i nd);-na n(i nd);
 ;-na n(i nd);-na n(i nd);
 ;-na n(i nd);-na n(i nd);
 ;-na n(i nd);-na n(i nd);
 ;-na n(i nd);-na n(i nd);
 ;-na n(i nd);-na n(i nd);
 ;-na n(i nd);-na n(i nd);
 ;-na n(i nd);-na n(i nd);-na n(i nd);
1,79;inf;-inf;4 967;
 ;-na n(i nd);-na n(i nd);
 ;-na n(i nd);-na n(i nd);
 ;-na n(i nd);-na n(i nd);
 ;-na n(i nd);-na n(i nd);
 ;-na n(i nd);-na n(i nd);
 ;-na n(i nd);-na n(i nd);
 ;-na n(i nd);-na n(i nd);
 ;-na n(i nd);-na n(i nd);
 ;-na n(i nd);-na n(i nd);-na n(i nd);
1,8;-na n(i nd);-na n(i nd);4 558;
 ;-na n(i nd);-na n(i nd);
 ;-na n(i nd);-na n(i nd);
 ;-na n(i nd);-na n(i nd);
 ;-na n(i nd);-na n(i nd);
 ;-na n(i nd);-na n(i nd);
 ;-na n(i nd);-na n(i nd);
 ;-na n(i nd);-na n(i nd);
 ;-na n(i nd);-na n(i nd);
 ;-na n(i nd);-na n(i nd);-na n(i nd);
1,81;1,00816853412406e+307;-1,00816853412406e+307;4 209;
 ;-inf;inf;
 ;-na n(i nd);-na n(i nd);
 ;-na n(i nd);-na n(i nd);
 ;-na n(i nd);-na n(i nd);
 ;-na n(i nd);-na n(i nd);
 ;-na n(i nd);-na n(i nd);
 ;-na n(i nd);-na n(i nd);
 ;-na n(i nd);-na n(i nd);
 ;-na n(i nd);-na n(i nd);-na n(i nd);
1,82;inf;-inf;3 910;
 ;-na n(i nd);-na n(i nd);
 ;-na n(i nd);-na n(i nd);
 ;-na n(i nd);-na n(i nd);
 ;-na n(i nd);-na n(i nd);
 ;-na n(i nd);-na n(i nd);
 ;-na n(i nd);-na n(i nd);
 ;-na n(i nd);-na n(i nd);
 ;-na n(i nd);-na n(i nd);
 ;-na n(i nd);-na n(i nd);-na n(i nd);
1,83;-inf;inf;3 647;
 ;-na n(i nd);-na n(i nd);
 ;-na n(i nd);-na n(i nd);
 ;-na n(i nd);-na n(i nd);
 ;-na n(i nd);-na n(i nd);
 ;-na n(i nd);-na n(i nd);
 ;-na n(i nd);-na n(i nd);
 ;-na n(i nd);-na n(i nd);
 ;-na n(i nd);-na n(i nd);
 ;-na n(i nd);-na n(i nd);-na n(i nd);
1,84;-na n(i nd);-na n(i nd);3 417;
 ;-na n(i nd);-na n(i nd);
 ;-na n(i nd);-na n(i nd);
 ;-na n(i nd);-na n(i nd);
 ;-na n(i nd);-na n(i nd);
 ;-na n(i nd);-na n(i nd);
 ;-na n(i nd);-na n(i nd);
 ;-na n(i nd);-na n(i nd);
 ;-na n(i nd);-na n(i nd);
 ;-na n(i nd);-na n(i nd);-na n(i nd);
1,85;inf;-inf;3 212;
 ;-na n(i nd);-na n(i nd);
 ;-na n(i nd);-na n(i nd);
 ;-na n(i nd);-na n(i nd);
 ;-na n(i nd);-na n(i nd);
 ;-na n(i nd);-na n(i nd);
 ;-na n(i nd);-na n(i nd);
 ;-na n(i nd);-na n(i nd);
 ;-na n(i nd);-na n(i nd);
 ;-na n(i nd);-na n(i nd);-na n(i nd);
1,86;inf;-inf;3 028;
 ;-na n(i nd);-na n(i nd);
 ;-na n(i nd);-na n(i nd);
 ;-na n(i nd);-na n(i nd);
 ;-na n(i nd);-na n(i nd);
 ;-na n(i nd);-na n(i nd);
 ;-na n(i nd);-na n(i nd);
 ;-na n(i nd);-na n(i nd);
 ;-na n(i nd);-na n(i nd);
 ;-na n(i nd);-na n(i nd);-na n(i nd);
1,87;-na n(i nd);-na n(i nd);2 864;
 ;-na n(i nd);-na n(i nd);
 ;-na n(i nd);-na n(i nd);
 ;-na n(i nd);-na n(i nd);
 ;-na n(i nd);-na n(i nd);
 ;-na n(i nd);-na n(i nd);
 ;-na n(i nd);-na n(i nd);
 ;-na n(i nd);-na n(i nd);
 ;-na n(i nd);-na n(i nd);
 ;-na n(i nd);-na n(i nd);-na n(i nd);
1,88;inf;-inf;2 715;
 ;-na n(i nd);-na n(i nd);
 ;-na n(i nd);-na n(i nd);
 ;-na n(i nd);-na n(i nd);
 ;-na n(i nd);-na n(i nd);
 ;-na n(i nd);-na n(i nd);
 ;-na n(i nd);-na n(i nd);
 ;-na n(i nd);-na n(i nd);
 ;-na n(i nd);-na n(i nd);
 ;-na n(i nd);-na n(i nd);-na n(i nd);
1,89;-na n(i nd);-na n(i nd);2 580;
 ;-na n(i nd);-na n(i nd);
 ;-na n(i nd);-na n(i nd);
 ;-na n(i nd);-na n(i nd);
 ;-na n(i nd);-na n(i nd);
 ;-na n(i nd);-na n(i nd);
 ;-na n(i nd);-na n(i nd);
 ;-na n(i nd);-na n(i nd);
 ;-na n(i nd);-na n(i nd);
 ;-na n(i nd);-na n(i nd);-na n(i nd);
1,9;inf;-inf;2 456;
 ;-na n(i nd);-na n(i nd);
 ;-na n(i nd);-na n(i nd);
 ;-na n(i nd);-na n(i nd);
 ;-na n(i nd);-na n(i nd);
 ;-na n(i nd);-na n(i nd);
 ;-na n(i nd);-na n(i nd);
 ;-na n(i nd);-na n(i nd);
 ;-na n(i nd);-na n(i nd);
 ;-na n(i nd);-na n(i nd);-na n(i nd);
1,91;-1,10157194376633e+307;1,10157194376633e+307;2 343;
 ;inf;-inf;
 ;-na n(i nd);-na n(i nd);
 ;-na n(i nd);-na n(i nd);
 ;-na n(i nd);-na n(i nd);
 ;-na n(i nd);-na n(i nd);
 ;-na n(i nd);-na n(i nd);
 ;-na n(i nd);-na n(i nd);
 ;-na n(i nd);-na n(i nd);
 ;-na n(i nd);-na n(i nd);-na n(i nd);
1,92;1,09246393917931e+307;-1,09246393917931e+307;2 239;
 ;-inf;inf;
 ;-na n(i nd);-na n(i nd);
 ;-na n(i nd);-na n(i nd);
 ;-na n(i nd);-na n(i nd);
 ;-na n(i nd);-na n(i nd);
 ;-na n(i nd);-na n(i nd);
 ;-na n(i nd);-na n(i nd);
 ;-na n(i nd);-na n(i nd);
 ;-na n(i nd);-na n(i nd);-na n(i nd);
1,93;-7,12413484788702e+306;7,12413484788702e+306;2 143;
 ;inf;-inf;
 ;-na n(i nd);-na n(i nd);
 ;-na n(i nd);-na n(i nd);
 ;-na n(i nd);-na n(i nd);
 ;-na n(i nd);-na n(i nd);
 ;-na n(i nd);-na n(i nd);
 ;-na n(i nd);-na n(i nd);
 ;-na n(i nd);-na n(i nd);
 ;-na n(i nd);-na n(i nd);-na n(i nd);
1,94;-na n(i nd);-na n(i nd);2 055;
 ;-na n(i nd);-na n(i nd);
 ;-na n(i nd);-na n(i nd);
 ;-na n(i nd);-na n(i nd);
 ;-na n(i nd);-na n(i nd);
 ;-na n(i nd);-na n(i nd);
 ;-na n(i nd);-na n(i nd);
 ;-na n(i nd);-na n(i nd);
 ;-na n(i nd);-na n(i nd);
 ;-na n(i nd);-na n(i nd);-na n(i nd);
1,95;inf;-inf;1 972;
 ;-na n(i nd);-na n(i nd);
 ;-na n(i nd);-na n(i nd);
 ;-na n(i nd);-na n(i nd);
 ;-na n(i nd);-na n(i nd);
 ;-na n(i nd);-na n(i nd);
 ;-na n(i nd);-na n(i nd);
 ;-na n(i nd);-na n(i nd);
 ;-na n(i nd);-na n(i nd);
 ;-na n(i nd);-na n(i nd);-na n(i nd);
1,96;-na n(i nd);-na n(i nd);1 896;
 ;-na n(i nd);-na n(i nd);
 ;-na n(i nd);-na n(i nd);
 ;-na n(i nd);-na n(i nd);
 ;-na n(i nd);-na n(i nd);
 ;-na n(i nd);-na n(i nd);
 ;-na n(i nd);-na n(i nd);
 ;-na n(i nd);-na n(i nd);
 ;-na n(i nd);-na n(i nd);
 ;-na n(i nd);-na n(i nd);-na n(i nd);
1,97;-na n(i nd);-na n(i nd);1 825;
 ;-na n(i nd);-na n(i nd);
 ;-na n(i nd);-na n(i nd);
 ;-na n(i nd);-na n(i nd);
 ;-na n(i nd);-na n(i nd);
 ;-na n(i nd);-na n(i nd);
 ;-na n(i nd);-na n(i nd);
 ;-na n(i nd);-na n(i nd);
 ;-na n(i nd);-na n(i nd);
 ;-na n(i nd);-na n(i nd);-na n(i nd);
1,98;inf;-inf;1 759;
 ;-na n(i nd);-na n(i nd);
 ;-na n(i nd);-na n(i nd);
 ;-na n(i nd);-na n(i nd);
 ;-na n(i nd);-na n(i nd);
 ;-na n(i nd);-na n(i nd);
 ;-na n(i nd);-na n(i nd);
 ;-na n(i nd);-na n(i nd);
 ;-na n(i nd);-na n(i nd);
 ;-na n(i nd);-na n(i nd);-na n(i nd);
1,99;-na n(i nd);-na n(i nd);1 697;
 ;-na n(i nd);-na n(i nd);
 ;-na n(i nd);-na n(i nd);
 ;-na n(i nd);-na n(i nd);
 ;-na n(i nd);-na n(i nd);
 ;-na n(i nd);-na n(i nd);
 ;-na n(i nd);-na n(i nd);
 ;-na n(i nd);-na n(i nd);
 ;-na n(i nd);-na n(i nd);
 ;-na n(i nd);-na n(i nd);-na n(i nd);
