0,01;1,00E+00;4,44E-12;109†617
 ;2,00E+00;5,19E-12;
 ;3,00E+00;5,54E-12;
 ;4,00E+00;6,08E-12;
 ;5,00E+00;6,37E-12;
 ;6,00E+00;6,22E-12;
 ;7,00E+00;5,67E-12;
 ;8,00E+00;5,19E-12;
 ;9,00E+00;5,08E-12;
 ;1,00E+01;5,31E-12;9,91729E-15
0,02;1,00E+00;2,63E-12;55†593
 ;2,00E+00;3,09E-12;
 ;3,00E+00;3,31E-12;
 ;4,00E+00;3,59E-12;
 ;5,00E+00;3,73E-12;
 ;6,00E+00;3,66E-12;
 ;7,00E+00;3,36E-12;
 ;8,00E+00;3,07E-12;
 ;9,00E+00;3,03E-12;
 ;1,00E+01;3,20E-12;9,91729E-15
0,03;1,00E+00;3,37E-12;36†498
 ;2,00E+00;3,95E-12;
 ;3,00E+00;4,22E-12;
 ;4,00E+00;4,56E-12;
 ;5,00E+00;4,73E-12;
 ;6,00E+00;4,63E-12;
 ;7,00E+00;4,28E-12;
 ;8,00E+00;3,95E-12;
 ;9,00E+00;3,90E-12;
 ;1,00E+01;4,07E-12;9,91729E-15
0,04;1,00E+00;2,88E-12;27†393
 ;2,00E+00;3,38E-12;
 ;3,00E+00;3,61E-12;
 ;4,00E+00;3,87E-12;
 ;5,00E+00;3,99E-12;
 ;6,00E+00;3,92E-12;
 ;7,00E+00;3,65E-12;
 ;8,00E+00;3,37E-12;
 ;9,00E+00;3,35E-12;
 ;1,00E+01;3,50E-12;9,91729E-15
0,05;1,00E+00;3,16E-12;21†727
 ;2,00E+00;3,70E-12;
 ;3,00E+00;3,95E-12;
 ;4,00E+00;4,24E-12;
 ;5,00E+00;4,39E-12;
 ;6,00E+00;4,31E-12;
 ;7,00E+00;4,00E-12;
 ;8,00E+00;3,70E-12;
 ;9,00E+00;3,66E-12;
 ;1,00E+01;3,82E-12;9,91729E-15
0,06;1,00E+00;2,93E-12;18†064
 ;2,00E+00;3,44E-12;
 ;3,00E+00;3,67E-12;
 ;4,00E+00;3,93E-12;
 ;5,00E+00;4,06E-12;
 ;6,00E+00;3,99E-12;
 ;7,00E+00;3,71E-12;
 ;8,00E+00;3,44E-12;
 ;9,00E+00;3,41E-12;
 ;1,00E+01;3,56E-12;9,91729E-15
0,07;1,00E+00;3,07E-12;15†380
 ;2,00E+00;3,59E-12;
 ;3,00E+00;3,83E-12;
 ;4,00E+00;4,12E-12;
 ;5,00E+00;4,25E-12;
 ;6,00E+00;4,17E-12;
 ;7,00E+00;3,89E-12;
 ;8,00E+00;3,59E-12;
 ;9,00E+00;3,55E-12;
 ;1,00E+01;3,71E-12;9,91729E-15
0,08;1,00E+00;3,26E-12;13†360
 ;2,00E+00;3,82E-12;
 ;3,00E+00;4,07E-12;
 ;4,00E+00;4,37E-12;
 ;5,00E+00;4,52E-12;
 ;6,00E+00;4,43E-12;
 ;7,00E+00;4,13E-12;
 ;8,00E+00;3,82E-12;
 ;9,00E+00;3,78E-12;
 ;1,00E+01;3,94E-12;9,91729E-15
0,09;1,00E+00;3,03E-12;11†847
 ;2,00E+00;3,55E-12;
 ;3,00E+00;3,79E-12;
 ;4,00E+00;4,07E-12;
 ;5,00E+00;4,20E-12;
 ;6,00E+00;4,12E-12;
 ;7,00E+00;3,84E-12;
 ;8,00E+00;3,55E-12;
 ;9,00E+00;3,52E-12;
 ;1,00E+01;3,67E-12;9,91729E-15
0,1;1,00E+00;3,14E-12;10†595
 ;2,00E+00;3,68E-12;
 ;3,00E+00;3,92E-12;
 ;4,00E+00;4,21E-12;
 ;5,00E+00;4,35E-12;
 ;6,00E+00;4,27E-12;
 ;7,00E+00;3,98E-12;
 ;8,00E+00;3,68E-12;
 ;9,00E+00;3,64E-12;
 ;1,00E+01;3,79E-12;9,81609E-15
0,11;1,00E+00;2,98E-12;9†602
 ;2,00E+00;3,48E-12;
 ;3,00E+00;3,71E-12;
 ;4,00E+00;3,99E-12;
 ;5,00E+00;4,12E-12;
 ;6,00E+00;4,04E-12;
 ;7,00E+00;3,77E-12;
 ;8,00E+00;3,48E-12;
 ;9,00E+00;3,45E-12;
 ;1,00E+01;3,60E-12;9,91729E-15
0,12;1,00E+00;3,08E-12;8†746
 ;2,00E+00;3,61E-12;
 ;3,00E+00;3,85E-12;
 ;4,00E+00;4,13E-12;
 ;5,00E+00;4,27E-12;
 ;6,00E+00;4,19E-12;
 ;7,00E+00;3,90E-12;
 ;8,00E+00;3,61E-12;
 ;9,00E+00;3,57E-12;
 ;1,00E+01;3,72E-12;9,91729E-15
0,13;1,00E+00;3,09E-12;8†031
 ;2,00E+00;3,62E-12;
 ;3,00E+00;3,86E-12;
 ;4,00E+00;4,14E-12;
 ;5,00E+00;4,28E-12;
 ;6,00E+00;4,21E-12;
 ;7,00E+00;3,92E-12;
 ;8,00E+00;3,62E-12;
 ;9,00E+00;3,59E-12;
 ;1,00E+01;3,73E-12;9,81609E-15
0,14;1,00E+00;3,02E-12;7†426
 ;2,00E+00;3,53E-12;
 ;3,00E+00;3,76E-12;
 ;4,00E+00;4,04E-12;
 ;5,00E+00;4,17E-12;
 ;6,00E+00;4,10E-12;
 ;7,00E+00;3,82E-12;
 ;8,00E+00;3,53E-12;
 ;9,00E+00;3,50E-12;
 ;1,00E+01;3,64E-12;9,91729E-15
0,15;1,00E+00;3,02E-12;6†895
 ;2,00E+00;3,53E-12;
 ;3,00E+00;3,77E-12;
 ;4,00E+00;4,04E-12;
 ;5,00E+00;4,18E-12;
 ;6,00E+00;4,11E-12;
 ;7,00E+00;3,82E-12;
 ;8,00E+00;3,54E-12;
 ;9,00E+00;3,50E-12;
 ;1,00E+01;3,64E-12;9,91729E-15
0,16;1,00E+00;2,98E-12;6†434
 ;2,00E+00;3,48E-12;
 ;3,00E+00;3,71E-12;
 ;4,00E+00;3,99E-12;
 ;5,00E+00;4,12E-12;
 ;6,00E+00;4,05E-12;
 ;7,00E+00;3,77E-12;
 ;8,00E+00;3,49E-12;
 ;9,00E+00;3,45E-12;
 ;1,00E+01;3,59E-12;9,81609E-15
0,17;1,00E+00;3,04E-12;6†020
 ;2,00E+00;3,55E-12;
 ;3,00E+00;3,78E-12;
 ;4,00E+00;4,06E-12;
 ;5,00E+00;4,20E-12;
 ;6,00E+00;4,12E-12;
 ;7,00E+00;3,84E-12;
 ;8,00E+00;3,55E-12;
 ;9,00E+00;3,52E-12;
 ;1,00E+01;3,66E-12;9,91729E-15
0,18;1,00E+00;2,98E-12;5†660
 ;2,00E+00;3,48E-12;
 ;3,00E+00;3,71E-12;
 ;4,00E+00;3,98E-12;
 ;5,00E+00;4,12E-12;
 ;6,00E+00;4,04E-12;
 ;7,00E+00;3,76E-12;
 ;8,00E+00;3,48E-12;
 ;9,00E+00;3,44E-12;
 ;1,00E+01;3,59E-12;9,91729E-15
0,19;1,00E+00;3,01E-12;5†332
 ;2,00E+00;3,51E-12;
 ;3,00E+00;3,75E-12;
 ;4,00E+00;4,02E-12;
 ;5,00E+00;4,16E-12;
 ;6,00E+00;4,08E-12;
 ;7,00E+00;3,80E-12;
 ;8,00E+00;3,51E-12;
 ;9,00E+00;3,48E-12;
 ;1,00E+01;3,62E-12;9,91729E-15
0,2;1,00E+00;3,00E-12;5†039
 ;2,00E+00;3,51E-12;
 ;3,00E+00;3,74E-12;
 ;4,00E+00;4,02E-12;
 ;5,00E+00;4,15E-12;
 ;6,00E+00;4,08E-12;
 ;7,00E+00;3,80E-12;
 ;8,00E+00;3,51E-12;
 ;9,00E+00;3,48E-12;
 ;1,00E+01;3,62E-12;9,91729E-15
0,21;1,00E+00;2,93E-12;4†778
 ;2,00E+00;3,43E-12;
 ;3,00E+00;3,65E-12;
 ;4,00E+00;3,92E-12;
 ;5,00E+00;4,05E-12;
 ;6,00E+00;3,97E-12;
 ;7,00E+00;3,70E-12;
 ;8,00E+00;3,42E-12;
 ;9,00E+00;3,39E-12;
 ;1,00E+01;3,53E-12;9,91729E-15
0,22;1,00E+00;2,96E-12;4†535
 ;2,00E+00;3,46E-12;
 ;3,00E+00;3,68E-12;
 ;4,00E+00;3,95E-12;
 ;5,00E+00;4,08E-12;
 ;6,00E+00;4,01E-12;
 ;7,00E+00;3,74E-12;
 ;8,00E+00;3,46E-12;
 ;9,00E+00;3,42E-12;
 ;1,00E+01;3,56E-12;9,81609E-15
0,23;1,00E+00;2,87E-12;4†319
 ;2,00E+00;3,36E-12;
 ;3,00E+00;3,58E-12;
 ;4,00E+00;3,84E-12;
 ;5,00E+00;3,97E-12;
 ;6,00E+00;3,90E-12;
 ;7,00E+00;3,63E-12;
 ;8,00E+00;3,36E-12;
 ;9,00E+00;3,33E-12;
 ;1,00E+01;3,46E-12;9,81609E-15
0,24;1,00E+00;2,93E-12;4†114
 ;2,00E+00;3,42E-12;
 ;3,00E+00;3,65E-12;
 ;4,00E+00;3,91E-12;
 ;5,00E+00;4,04E-12;
 ;6,00E+00;3,97E-12;
 ;7,00E+00;3,70E-12;
 ;8,00E+00;3,42E-12;
 ;9,00E+00;3,39E-12;
 ;1,00E+01;3,52E-12;9,91729E-15
0,25;1,00E+00;2,87E-12;3†931
 ;2,00E+00;3,36E-12;
 ;3,00E+00;3,57E-12;
 ;4,00E+00;3,84E-12;
 ;5,00E+00;3,96E-12;
 ;6,00E+00;3,89E-12;
 ;7,00E+00;3,63E-12;
 ;8,00E+00;3,35E-12;
 ;9,00E+00;3,32E-12;
 ;1,00E+01;3,45E-12;9,91729E-15
0,26;1,00E+00;2,88E-12;3†759
 ;2,00E+00;3,36E-12;
 ;3,00E+00;3,58E-12;
 ;4,00E+00;3,84E-12;
 ;5,00E+00;3,97E-12;
 ;6,00E+00;3,90E-12;
 ;7,00E+00;3,63E-12;
 ;8,00E+00;3,36E-12;
 ;9,00E+00;3,33E-12;
 ;1,00E+01;3,46E-12;9,91729E-15
0,27;1,00E+00;2,83E-12;3†602
 ;2,00E+00;3,31E-12;
 ;3,00E+00;3,52E-12;
 ;4,00E+00;3,78E-12;
 ;5,00E+00;3,91E-12;
 ;6,00E+00;3,84E-12;
 ;7,00E+00;3,58E-12;
 ;8,00E+00;3,31E-12;
 ;9,00E+00;3,27E-12;
 ;1,00E+01;3,40E-12;9,91729E-15
0,28;1,00E+00;2,84E-12;3†454
 ;2,00E+00;3,31E-12;
 ;3,00E+00;3,53E-12;
 ;4,00E+00;3,79E-12;
 ;5,00E+00;3,92E-12;
 ;6,00E+00;3,84E-12;
 ;7,00E+00;3,58E-12;
 ;8,00E+00;3,31E-12;
 ;9,00E+00;3,28E-12;
 ;1,00E+01;3,41E-12;9,91729E-15
0,29;1,00E+00;2,78E-12;3†319
 ;2,00E+00;3,25E-12;
 ;3,00E+00;3,46E-12;
 ;4,00E+00;3,71E-12;
 ;5,00E+00;3,83E-12;
 ;6,00E+00;3,76E-12;
 ;7,00E+00;3,51E-12;
 ;8,00E+00;3,24E-12;
 ;9,00E+00;3,21E-12;
 ;1,00E+01;3,33E-12;9,71489E-15
0,3;1,00E+00;2,82E-12;3†189
 ;2,00E+00;3,29E-12;
 ;3,00E+00;3,50E-12;
 ;4,00E+00;3,76E-12;
 ;5,00E+00;3,88E-12;
 ;6,00E+00;3,82E-12;
 ;7,00E+00;3,56E-12;
 ;8,00E+00;3,29E-12;
 ;9,00E+00;3,25E-12;
 ;1,00E+01;3,38E-12;9,91729E-15
0,31;1,00E+00;2,81E-12;3†069
 ;2,00E+00;3,29E-12;
 ;3,00E+00;3,50E-12;
 ;4,00E+00;3,76E-12;
 ;5,00E+00;3,88E-12;
 ;6,00E+00;3,81E-12;
 ;7,00E+00;3,55E-12;
 ;8,00E+00;3,28E-12;
 ;9,00E+00;3,25E-12;
 ;1,00E+01;3,38E-12;9,91729E-15
0,32;1,00E+00;2,72E-12;2†960
 ;2,00E+00;3,18E-12;
 ;3,00E+00;3,38E-12;
 ;4,00E+00;3,63E-12;
 ;5,00E+00;3,75E-12;
 ;6,00E+00;3,68E-12;
 ;7,00E+00;3,43E-12;
 ;8,00E+00;3,17E-12;
 ;9,00E+00;3,14E-12;
 ;1,00E+01;3,26E-12;9,71489E-15
0,33;1,00E+00;2,75E-12;2†853
 ;2,00E+00;3,21E-12;
 ;3,00E+00;3,41E-12;
 ;4,00E+00;3,66E-12;
 ;5,00E+00;3,79E-12;
 ;6,00E+00;3,72E-12;
 ;7,00E+00;3,47E-12;
 ;8,00E+00;3,20E-12;
 ;9,00E+00;3,17E-12;
 ;1,00E+01;3,29E-12;9,81609E-15
0,34;1,00E+00;2,76E-12;2†753
 ;2,00E+00;3,22E-12;
 ;3,00E+00;3,43E-12;
 ;4,00E+00;3,68E-12;
 ;5,00E+00;3,80E-12;
 ;6,00E+00;3,73E-12;
 ;7,00E+00;3,48E-12;
 ;8,00E+00;3,21E-12;
 ;9,00E+00;3,18E-12;
 ;1,00E+01;3,30E-12;9,91729E-15
0,35;1,00E+00;2,70E-12;2†661
 ;2,00E+00;3,15E-12;
 ;3,00E+00;3,36E-12;
 ;4,00E+00;3,60E-12;
 ;5,00E+00;3,72E-12;
 ;6,00E+00;3,66E-12;
 ;7,00E+00;3,41E-12;
 ;8,00E+00;3,15E-12;
 ;9,00E+00;3,12E-12;
 ;1,00E+01;3,23E-12;9,91729E-15
0,36;1,00E+00;2,68E-12;2†573
 ;2,00E+00;3,12E-12;
 ;3,00E+00;3,33E-12;
 ;4,00E+00;3,57E-12;
 ;5,00E+00;3,69E-12;
 ;6,00E+00;3,62E-12;
 ;7,00E+00;3,38E-12;
 ;8,00E+00;3,12E-12;
 ;9,00E+00;3,09E-12;
 ;1,00E+01;3,20E-12;9,71489E-15
0,37;1,00E+00;2,71E-12;2†488
 ;2,00E+00;3,16E-12;
 ;3,00E+00;3,36E-12;
 ;4,00E+00;3,61E-12;
 ;5,00E+00;3,73E-12;
 ;6,00E+00;3,67E-12;
 ;7,00E+00;3,42E-12;
 ;8,00E+00;3,16E-12;
 ;9,00E+00;3,12E-12;
 ;1,00E+01;3,24E-12;9,91729E-15
0,38;1,00E+00;2,63E-12;2†411
 ;2,00E+00;3,07E-12;
 ;3,00E+00;3,26E-12;
 ;4,00E+00;3,50E-12;
 ;5,00E+00;3,62E-12;
 ;6,00E+00;3,55E-12;
 ;7,00E+00;3,31E-12;
 ;8,00E+00;3,06E-12;
 ;9,00E+00;3,03E-12;
 ;1,00E+01;3,14E-12;9,81609E-15
0,39;1,00E+00;2,67E-12;2†334
 ;2,00E+00;3,12E-12;
 ;3,00E+00;3,32E-12;
 ;4,00E+00;3,56E-12;
 ;5,00E+00;3,68E-12;
 ;6,00E+00;3,62E-12;
 ;7,00E+00;3,37E-12;
 ;8,00E+00;3,12E-12;
 ;9,00E+00;3,08E-12;
 ;1,00E+01;3,20E-12;9,91729E-15
0,4;1,00E+00;2,65E-12;2†263
 ;2,00E+00;3,09E-12;
 ;3,00E+00;3,29E-12;
 ;4,00E+00;3,53E-12;
 ;5,00E+00;3,65E-12;
 ;6,00E+00;3,58E-12;
 ;7,00E+00;3,34E-12;
 ;8,00E+00;3,08E-12;
 ;9,00E+00;3,05E-12;
 ;1,00E+01;3,17E-12;9,91729E-15
0,41;1,00E+00;2,61E-12;2†196
 ;2,00E+00;3,04E-12;
 ;3,00E+00;3,24E-12;
 ;4,00E+00;3,47E-12;
 ;5,00E+00;3,59E-12;
 ;6,00E+00;3,52E-12;
 ;7,00E+00;3,29E-12;
 ;8,00E+00;3,04E-12;
 ;9,00E+00;3,00E-12;
 ;1,00E+01;3,12E-12;9,81609E-15
0,42;1,00E+00;2,64E-12;2†130
 ;2,00E+00;3,08E-12;
 ;3,00E+00;3,27E-12;
 ;4,00E+00;3,51E-12;
 ;5,00E+00;3,63E-12;
 ;6,00E+00;3,57E-12;
 ;7,00E+00;3,33E-12;
 ;8,00E+00;3,07E-12;
 ;9,00E+00;3,04E-12;
 ;1,00E+01;3,15E-12;9,91729E-15
0,43;1,00E+00;2,60E-12;2†069
 ;2,00E+00;3,03E-12;
 ;3,00E+00;3,23E-12;
 ;4,00E+00;3,46E-12;
 ;5,00E+00;3,58E-12;
 ;6,00E+00;3,52E-12;
 ;7,00E+00;3,28E-12;
 ;8,00E+00;3,03E-12;
 ;9,00E+00;2,99E-12;
 ;1,00E+01;3,11E-12;9,91729E-15
0,44;1,00E+00;2,59E-12;2†010
 ;2,00E+00;3,03E-12;
 ;3,00E+00;3,22E-12;
 ;4,00E+00;3,45E-12;
 ;5,00E+00;3,57E-12;
 ;6,00E+00;3,51E-12;
 ;7,00E+00;3,27E-12;
 ;8,00E+00;3,02E-12;
 ;9,00E+00;2,99E-12;
 ;1,00E+01;3,10E-12;9,91729E-15
0,45;1,00E+00;2,57E-12;1†954
 ;2,00E+00;3,00E-12;
 ;3,00E+00;3,19E-12;
 ;4,00E+00;3,42E-12;
 ;5,00E+00;3,54E-12;
 ;6,00E+00;3,47E-12;
 ;7,00E+00;3,24E-12;
 ;8,00E+00;2,99E-12;
 ;9,00E+00;2,96E-12;
 ;1,00E+01;3,07E-12;9,91729E-15
0,46;1,00E+00;2,56E-12;1†900
 ;2,00E+00;2,99E-12;
 ;3,00E+00;3,18E-12;
 ;4,00E+00;3,41E-12;
 ;5,00E+00;3,53E-12;
 ;6,00E+00;3,46E-12;
 ;7,00E+00;3,23E-12;
 ;8,00E+00;2,98E-12;
 ;9,00E+00;2,95E-12;
 ;1,00E+01;3,06E-12;9,91729E-15
0,47;1,00E+00;2,53E-12;1†849
 ;2,00E+00;2,95E-12;
 ;3,00E+00;3,14E-12;
 ;4,00E+00;3,37E-12;
 ;5,00E+00;3,48E-12;
 ;6,00E+00;3,42E-12;
 ;7,00E+00;3,19E-12;
 ;8,00E+00;2,95E-12;
 ;9,00E+00;2,92E-12;
 ;1,00E+01;3,02E-12;9,91729E-15
0,48;1,00E+00;2,54E-12;1†799
 ;2,00E+00;2,96E-12;
 ;3,00E+00;3,15E-12;
 ;4,00E+00;3,38E-12;
 ;5,00E+00;3,49E-12;
 ;6,00E+00;3,43E-12;
 ;7,00E+00;3,20E-12;
 ;8,00E+00;2,96E-12;
 ;9,00E+00;2,93E-12;
 ;1,00E+01;3,03E-12;9,81609E-15
0,49;1,00E+00;2,47E-12;1†753
 ;2,00E+00;2,88E-12;
 ;3,00E+00;3,06E-12;
 ;4,00E+00;3,29E-12;
 ;5,00E+00;3,40E-12;
 ;6,00E+00;3,34E-12;
 ;7,00E+00;3,11E-12;
 ;8,00E+00;2,88E-12;
 ;9,00E+00;2,84E-12;
 ;1,00E+01;2,95E-12;9,81609E-15
0,5;1,00E+00;2,48E-12;1†707
 ;2,00E+00;2,89E-12;
 ;3,00E+00;3,07E-12;
 ;4,00E+00;3,30E-12;
 ;5,00E+00;3,41E-12;
 ;6,00E+00;3,35E-12;
 ;7,00E+00;3,12E-12;
 ;8,00E+00;2,88E-12;
 ;9,00E+00;2,85E-12;
 ;1,00E+01;2,96E-12;9,91729E-15
0,51;1,00E+00;2,44E-12;1†664
 ;2,00E+00;2,84E-12;
 ;3,00E+00;3,02E-12;
 ;4,00E+00;3,24E-12;
 ;5,00E+00;3,35E-12;
 ;6,00E+00;3,29E-12;
 ;7,00E+00;3,07E-12;
 ;8,00E+00;2,83E-12;
 ;9,00E+00;2,80E-12;
 ;1,00E+01;2,90E-12;9,81609E-15
0,52;1,00E+00;2,46E-12;1†621
 ;2,00E+00;2,87E-12;
 ;3,00E+00;3,05E-12;
 ;4,00E+00;3,27E-12;
 ;5,00E+00;3,38E-12;
 ;6,00E+00;3,32E-12;
 ;7,00E+00;3,10E-12;
 ;8,00E+00;2,86E-12;
 ;9,00E+00;2,83E-12;
 ;1,00E+01;2,93E-12;9,91729E-15
0,53;1,00E+00;2,43E-12;1†581
 ;2,00E+00;2,83E-12;
 ;3,00E+00;3,01E-12;
 ;4,00E+00;3,23E-12;
 ;5,00E+00;3,34E-12;
 ;6,00E+00;3,28E-12;
 ;7,00E+00;3,06E-12;
 ;8,00E+00;2,82E-12;
 ;9,00E+00;2,79E-12;
 ;1,00E+01;2,89E-12;9,91729E-15
0,54;1,00E+00;2,37E-12;1†543
 ;2,00E+00;2,77E-12;
 ;3,00E+00;2,94E-12;
 ;4,00E+00;3,15E-12;
 ;5,00E+00;3,26E-12;
 ;6,00E+00;3,20E-12;
 ;7,00E+00;2,99E-12;
 ;8,00E+00;2,76E-12;
 ;9,00E+00;2,73E-12;
 ;1,00E+01;2,82E-12;9,6137E-15
0,55;1,00E+00;2,42E-12;1†504
 ;2,00E+00;2,83E-12;
 ;3,00E+00;3,00E-12;
 ;4,00E+00;3,22E-12;
 ;5,00E+00;3,33E-12;
 ;6,00E+00;3,27E-12;
 ;7,00E+00;3,05E-12;
 ;8,00E+00;2,82E-12;
 ;9,00E+00;2,79E-12;
 ;1,00E+01;2,88E-12;9,91729E-15
0,56;1,00E+00;2,40E-12;1†468
 ;2,00E+00;2,80E-12;
 ;3,00E+00;2,97E-12;
 ;4,00E+00;3,19E-12;
 ;5,00E+00;3,30E-12;
 ;6,00E+00;3,24E-12;
 ;7,00E+00;3,02E-12;
 ;8,00E+00;2,79E-12;
 ;9,00E+00;2,76E-12;
 ;1,00E+01;2,86E-12;9,91729E-15
0,57;1,00E+00;2,39E-12;1†433
 ;2,00E+00;2,79E-12;
 ;3,00E+00;2,96E-12;
 ;4,00E+00;3,17E-12;
 ;5,00E+00;3,28E-12;
 ;6,00E+00;3,22E-12;
 ;7,00E+00;3,01E-12;
 ;8,00E+00;2,78E-12;
 ;9,00E+00;2,74E-12;
 ;1,00E+01;2,84E-12;9,91729E-15
0,58;1,00E+00;2,34E-12;1†400
 ;2,00E+00;2,73E-12;
 ;3,00E+00;2,90E-12;
 ;4,00E+00;3,11E-12;
 ;5,00E+00;3,21E-12;
 ;6,00E+00;3,15E-12;
 ;7,00E+00;2,94E-12;
 ;8,00E+00;2,72E-12;
 ;9,00E+00;2,69E-12;
 ;1,00E+01;2,78E-12;9,91729E-15
0,59;1,00E+00;2,35E-12;1†367
 ;2,00E+00;2,73E-12;
 ;3,00E+00;2,90E-12;
 ;4,00E+00;3,11E-12;
 ;5,00E+00;3,22E-12;
 ;6,00E+00;3,16E-12;
 ;7,00E+00;2,95E-12;
 ;8,00E+00;2,72E-12;
 ;9,00E+00;2,69E-12;
 ;1,00E+01;2,79E-12;9,91729E-15
0,6;1,00E+00;2,31E-12;1†336
 ;2,00E+00;2,69E-12;
 ;3,00E+00;2,85E-12;
 ;4,00E+00;3,06E-12;
 ;5,00E+00;3,16E-12;
 ;6,00E+00;3,11E-12;
 ;7,00E+00;2,90E-12;
 ;8,00E+00;2,67E-12;
 ;9,00E+00;2,65E-12;
 ;1,00E+01;2,74E-12;9,81609E-15
0,61;1,00E+00;2,32E-12;1†305
 ;2,00E+00;2,70E-12;
 ;3,00E+00;2,87E-12;
 ;4,00E+00;3,07E-12;
 ;5,00E+00;3,18E-12;
 ;6,00E+00;3,12E-12;
 ;7,00E+00;2,91E-12;
 ;8,00E+00;2,69E-12;
 ;9,00E+00;2,66E-12;
 ;1,00E+01;2,75E-12;9,91729E-15
0,62;1,00E+00;2,33E-12;1†275
 ;2,00E+00;2,71E-12;
 ;3,00E+00;2,88E-12;
 ;4,00E+00;3,09E-12;
 ;5,00E+00;3,19E-12;
 ;6,00E+00;3,13E-12;
 ;7,00E+00;2,92E-12;
 ;8,00E+00;2,70E-12;
 ;9,00E+00;2,67E-12;
 ;1,00E+01;2,76E-12;9,91729E-15
0,63;1,00E+00;2,29E-12;1†247
 ;2,00E+00;2,66E-12;
 ;3,00E+00;2,83E-12;
 ;4,00E+00;3,03E-12;
 ;5,00E+00;3,13E-12;
 ;6,00E+00;3,08E-12;
 ;7,00E+00;2,87E-12;
 ;8,00E+00;2,65E-12;
 ;9,00E+00;2,62E-12;
 ;1,00E+01;2,71E-12;9,91729E-15
0,64;1,00E+00;2,24E-12;1†220
 ;2,00E+00;2,60E-12;
 ;3,00E+00;2,76E-12;
 ;4,00E+00;2,96E-12;
 ;5,00E+00;3,06E-12;
 ;6,00E+00;3,01E-12;
 ;7,00E+00;2,81E-12;
 ;8,00E+00;2,59E-12;
 ;9,00E+00;2,56E-12;
 ;1,00E+01;2,65E-12;9,6137E-15
0,65;1,00E+00;2,23E-12;1†193
 ;2,00E+00;2,59E-12;
 ;3,00E+00;2,75E-12;
 ;4,00E+00;2,95E-12;
 ;5,00E+00;3,05E-12;
 ;6,00E+00;3,00E-12;
 ;7,00E+00;2,80E-12;
 ;8,00E+00;2,58E-12;
 ;9,00E+00;2,55E-12;
 ;1,00E+01;2,64E-12;9,71489E-15
0,66;1,00E+00;2,27E-12;1†166
 ;2,00E+00;2,64E-12;
 ;3,00E+00;2,80E-12;
 ;4,00E+00;3,00E-12;
 ;5,00E+00;3,10E-12;
 ;6,00E+00;3,05E-12;
 ;7,00E+00;2,85E-12;
 ;8,00E+00;2,63E-12;
 ;9,00E+00;2,60E-12;
 ;1,00E+01;2,69E-12;9,91729E-15
0,67;1,00E+00;2,19E-12;1†142
 ;2,00E+00;2,54E-12;
 ;3,00E+00;2,70E-12;
 ;4,00E+00;2,89E-12;
 ;5,00E+00;2,99E-12;
 ;6,00E+00;2,94E-12;
 ;7,00E+00;2,74E-12;
 ;8,00E+00;2,53E-12;
 ;9,00E+00;2,50E-12;
 ;1,00E+01;2,58E-12;9,71489E-15
0,68;1,00E+00;2,20E-12;1†117
 ;2,00E+00;2,55E-12;
 ;3,00E+00;2,71E-12;
 ;4,00E+00;2,90E-12;
 ;5,00E+00;3,00E-12;
 ;6,00E+00;2,95E-12;
 ;7,00E+00;2,76E-12;
 ;8,00E+00;2,54E-12;
 ;9,00E+00;2,51E-12;
 ;1,00E+01;2,60E-12;9,91729E-15
0,69;1,00E+00;2,19E-12;1†093
 ;2,00E+00;2,55E-12;
 ;3,00E+00;2,71E-12;
 ;4,00E+00;2,90E-12;
 ;5,00E+00;3,00E-12;
 ;6,00E+00;2,95E-12;
 ;7,00E+00;2,75E-12;
 ;8,00E+00;2,54E-12;
 ;9,00E+00;2,51E-12;
 ;1,00E+01;2,59E-12;9,91729E-15
0,7;1,00E+00;2,11E-12;1†071
 ;2,00E+00;2,46E-12;
 ;3,00E+00;2,61E-12;
 ;4,00E+00;2,79E-12;
 ;5,00E+00;2,89E-12;
 ;6,00E+00;2,84E-12;
 ;7,00E+00;2,65E-12;
 ;8,00E+00;2,45E-12;
 ;9,00E+00;2,42E-12;
 ;1,00E+01;2,50E-12;9,71489E-15
0,71;1,00E+00;2,13E-12;1†048
 ;2,00E+00;2,47E-12;
 ;3,00E+00;2,62E-12;
 ;4,00E+00;2,81E-12;
 ;5,00E+00;2,90E-12;
 ;6,00E+00;2,85E-12;
 ;7,00E+00;2,67E-12;
 ;8,00E+00;2,46E-12;
 ;9,00E+00;2,43E-12;
 ;1,00E+01;2,51E-12;9,71489E-15
0,72;1,00E+00;2,12E-12;1†026
 ;2,00E+00;2,46E-12;
 ;3,00E+00;2,61E-12;
 ;4,00E+00;2,80E-12;
 ;5,00E+00;2,89E-12;
 ;6,00E+00;2,84E-12;
 ;7,00E+00;2,65E-12;
 ;8,00E+00;2,45E-12;
 ;9,00E+00;2,42E-12;
 ;1,00E+01;2,50E-12;9,71489E-15
0,73;1,00E+00;2,09E-12;1†005
 ;2,00E+00;2,42E-12;
 ;3,00E+00;2,57E-12;
 ;4,00E+00;2,76E-12;
 ;5,00E+00;2,85E-12;
 ;6,00E+00;2,80E-12;
 ;7,00E+00;2,62E-12;
 ;8,00E+00;2,41E-12;
 ;9,00E+00;2,38E-12;
 ;1,00E+01;2,46E-12;9,81609E-15
0,74;1,00E+00;2,09E-12;984
 ;2,00E+00;2,43E-12;
 ;3,00E+00;2,58E-12;
 ;4,00E+00;2,76E-12;
 ;5,00E+00;2,85E-12;
 ;6,00E+00;2,80E-12;
 ;7,00E+00;2,62E-12;
 ;8,00E+00;2,41E-12;
 ;9,00E+00;2,39E-12;
 ;1,00E+01;2,46E-12;9,91729E-15
0,75;1,00E+00;2,00E-12;965
 ;2,00E+00;2,33E-12;
 ;3,00E+00;2,47E-12;
 ;4,00E+00;2,64E-12;
 ;5,00E+00;2,73E-12;
 ;6,00E+00;2,69E-12;
 ;7,00E+00;2,51E-12;
 ;8,00E+00;2,31E-12;
 ;9,00E+00;2,29E-12;
 ;1,00E+01;2,36E-12;9,6137E-15
0,76;1,00E+00;2,07E-12;944
 ;2,00E+00;2,41E-12;
 ;3,00E+00;2,55E-12;
 ;4,00E+00;2,74E-12;
 ;5,00E+00;2,83E-12;
 ;6,00E+00;2,78E-12;
 ;7,00E+00;2,60E-12;
 ;8,00E+00;2,39E-12;
 ;9,00E+00;2,37E-12;
 ;1,00E+01;2,44E-12;9,91729E-15
0,77;1,00E+00;2,05E-12;925
 ;2,00E+00;2,38E-12;
 ;3,00E+00;2,53E-12;
 ;4,00E+00;2,70E-12;
 ;5,00E+00;2,80E-12;
 ;6,00E+00;2,75E-12;
 ;7,00E+00;2,57E-12;
 ;8,00E+00;2,37E-12;
 ;9,00E+00;2,34E-12;
 ;1,00E+01;2,41E-12;9,91729E-15
0,78;1,00E+00;2,06E-12;906
 ;2,00E+00;2,39E-12;
 ;3,00E+00;2,53E-12;
 ;4,00E+00;2,71E-12;
 ;5,00E+00;2,80E-12;
 ;6,00E+00;2,76E-12;
 ;7,00E+00;2,57E-12;
 ;8,00E+00;2,37E-12;
 ;9,00E+00;2,34E-12;
 ;1,00E+01;2,42E-12;9,91729E-15
0,79;1,00E+00;2,03E-12;888
 ;2,00E+00;2,36E-12;
 ;3,00E+00;2,50E-12;
 ;4,00E+00;2,68E-12;
 ;5,00E+00;2,77E-12;
 ;6,00E+00;2,72E-12;
 ;7,00E+00;2,54E-12;
 ;8,00E+00;2,34E-12;
 ;9,00E+00;2,32E-12;
 ;1,00E+01;2,39E-12;9,91729E-15
0,8;1,00E+00;1,97E-12;871
 ;2,00E+00;2,29E-12;
 ;3,00E+00;2,43E-12;
 ;4,00E+00;2,60E-12;
 ;5,00E+00;2,69E-12;
 ;6,00E+00;2,64E-12;
 ;7,00E+00;2,47E-12;
 ;8,00E+00;2,27E-12;
 ;9,00E+00;2,25E-12;
 ;1,00E+01;2,32E-12;9,81609E-15
0,81;1,00E+00;2,00E-12;853
 ;2,00E+00;2,32E-12;
 ;3,00E+00;2,46E-12;
 ;4,00E+00;2,64E-12;
 ;5,00E+00;2,72E-12;
 ;6,00E+00;2,68E-12;
 ;7,00E+00;2,50E-12;
 ;8,00E+00;2,31E-12;
 ;9,00E+00;2,28E-12;
 ;1,00E+01;2,35E-12;9,91729E-15
0,82;1,00E+00;1,93E-12;837
 ;2,00E+00;2,24E-12;
 ;3,00E+00;2,37E-12;
 ;4,00E+00;2,54E-12;
 ;5,00E+00;2,62E-12;
 ;6,00E+00;2,58E-12;
 ;7,00E+00;2,41E-12;
 ;8,00E+00;2,22E-12;
 ;9,00E+00;2,19E-12;
 ;1,00E+01;2,26E-12;9,4113E-15
0,83;1,00E+00;1,95E-12;820
 ;2,00E+00;2,26E-12;
 ;3,00E+00;2,39E-12;
 ;4,00E+00;2,56E-12;
 ;5,00E+00;2,65E-12;
 ;6,00E+00;2,61E-12;
 ;7,00E+00;2,44E-12;
 ;8,00E+00;2,24E-12;
 ;9,00E+00;2,22E-12;
 ;1,00E+01;2,28E-12;9,81609E-15
0,84;1,00E+00;1,93E-12;804
 ;2,00E+00;2,24E-12;
 ;3,00E+00;2,37E-12;
 ;4,00E+00;2,54E-12;
 ;5,00E+00;2,62E-12;
 ;6,00E+00;2,58E-12;
 ;7,00E+00;2,41E-12;
 ;8,00E+00;2,22E-12;
 ;9,00E+00;2,19E-12;
 ;1,00E+01;2,26E-12;9,71489E-15
0,85;1,00E+00;1,93E-12;788
 ;2,00E+00;2,24E-12;
 ;3,00E+00;2,37E-12;
 ;4,00E+00;2,54E-12;
 ;5,00E+00;2,63E-12;
 ;6,00E+00;2,58E-12;
 ;7,00E+00;2,41E-12;
 ;8,00E+00;2,22E-12;
 ;9,00E+00;2,20E-12;
 ;1,00E+01;2,26E-12;9,81609E-15
0,86;1,00E+00;1,90E-12;773
 ;2,00E+00;2,20E-12;
 ;3,00E+00;2,33E-12;
 ;4,00E+00;2,49E-12;
 ;5,00E+00;2,57E-12;
 ;6,00E+00;2,53E-12;
 ;7,00E+00;2,37E-12;
 ;8,00E+00;2,18E-12;
 ;9,00E+00;2,15E-12;
 ;1,00E+01;2,22E-12;9,81609E-15
0,87;1,00E+00;1,95E-12;757
 ;2,00E+00;2,26E-12;
 ;3,00E+00;2,39E-12;
 ;4,00E+00;2,56E-12;
 ;5,00E+00;2,65E-12;
 ;6,00E+00;2,61E-12;
 ;7,00E+00;2,44E-12;
 ;8,00E+00;2,24E-12;
 ;9,00E+00;2,22E-12;
 ;1,00E+01;2,28E-12;9,91729E-15
0,88;1,00E+00;1,82E-12;744
 ;2,00E+00;2,10E-12;
 ;3,00E+00;2,23E-12;
 ;4,00E+00;2,38E-12;
 ;5,00E+00;2,47E-12;
 ;6,00E+00;2,42E-12;
 ;7,00E+00;2,27E-12;
 ;8,00E+00;2,09E-12;
 ;9,00E+00;2,06E-12;
 ;1,00E+01;2,12E-12;9,5125E-15
0,89;1,00E+00;1,85E-12;729
 ;2,00E+00;2,14E-12;
 ;3,00E+00;2,27E-12;
 ;4,00E+00;2,42E-12;
 ;5,00E+00;2,51E-12;
 ;6,00E+00;2,46E-12;
 ;7,00E+00;2,30E-12;
 ;8,00E+00;2,12E-12;
 ;9,00E+00;2,10E-12;
 ;1,00E+01;2,16E-12;9,71489E-15
0,9;1,00E+00;1,83E-12;715
 ;2,00E+00;2,12E-12;
 ;3,00E+00;2,24E-12;
 ;4,00E+00;2,40E-12;
 ;5,00E+00;2,48E-12;
 ;6,00E+00;2,44E-12;
 ;7,00E+00;2,28E-12;
 ;8,00E+00;2,10E-12;
 ;9,00E+00;2,08E-12;
 ;1,00E+01;2,13E-12;9,91729E-15
0,91;1,00E+00;1,84E-12;701
 ;2,00E+00;2,13E-12;
 ;3,00E+00;2,25E-12;
 ;4,00E+00;2,41E-12;
 ;5,00E+00;2,49E-12;
 ;6,00E+00;2,45E-12;
 ;7,00E+00;2,29E-12;
 ;8,00E+00;2,11E-12;
 ;9,00E+00;2,09E-12;
 ;1,00E+01;2,14E-12;9,91729E-15
0,92;1,00E+00;1,79E-12;688
 ;2,00E+00;2,07E-12;
 ;3,00E+00;2,19E-12;
 ;4,00E+00;2,34E-12;
 ;5,00E+00;2,42E-12;
 ;6,00E+00;2,38E-12;
 ;7,00E+00;2,23E-12;
 ;8,00E+00;2,05E-12;
 ;9,00E+00;2,02E-12;
 ;1,00E+01;2,08E-12;9,6137E-15
0,93;1,00E+00;1,84E-12;674
 ;2,00E+00;2,13E-12;
 ;3,00E+00;2,25E-12;
 ;4,00E+00;2,41E-12;
 ;5,00E+00;2,49E-12;
 ;6,00E+00;2,45E-12;
 ;7,00E+00;2,29E-12;
 ;8,00E+00;2,11E-12;
 ;9,00E+00;2,08E-12;
 ;1,00E+01;2,14E-12;9,91729E-15
0,94;1,00E+00;1,76E-12;662
 ;2,00E+00;2,03E-12;
 ;3,00E+00;2,15E-12;
 ;4,00E+00;2,30E-12;
 ;5,00E+00;2,38E-12;
 ;6,00E+00;2,34E-12;
 ;7,00E+00;2,19E-12;
 ;8,00E+00;2,01E-12;
 ;9,00E+00;1,99E-12;
 ;1,00E+01;2,04E-12;9,71489E-15
0,95;1,00E+00;1,77E-12;649
 ;2,00E+00;2,05E-12;
 ;3,00E+00;2,16E-12;
 ;4,00E+00;2,32E-12;
 ;5,00E+00;2,40E-12;
 ;6,00E+00;2,36E-12;
 ;7,00E+00;2,20E-12;
 ;8,00E+00;2,03E-12;
 ;9,00E+00;2,00E-12;
 ;1,00E+01;2,06E-12;9,91729E-15
0,96;1,00E+00;1,73E-12;637
 ;2,00E+00;2,00E-12;
 ;3,00E+00;2,11E-12;
 ;4,00E+00;2,26E-12;
 ;5,00E+00;2,34E-12;
 ;6,00E+00;2,30E-12;
 ;7,00E+00;2,15E-12;
 ;8,00E+00;1,98E-12;
 ;9,00E+00;1,95E-12;
 ;1,00E+01;2,01E-12;9,4113E-15
0,97;1,00E+00;1,70E-12;625
 ;2,00E+00;1,97E-12;
 ;3,00E+00;2,08E-12;
 ;4,00E+00;2,23E-12;
 ;5,00E+00;2,30E-12;
 ;6,00E+00;2,26E-12;
 ;7,00E+00;2,12E-12;
 ;8,00E+00;1,95E-12;
 ;9,00E+00;1,92E-12;
 ;1,00E+01;1,98E-12;9,5125E-15
0,98;1,00E+00;1,70E-12;613
 ;2,00E+00;1,96E-12;
 ;3,00E+00;2,08E-12;
 ;4,00E+00;2,22E-12;
 ;5,00E+00;2,30E-12;
 ;6,00E+00;2,26E-12;
 ;7,00E+00;2,11E-12;
 ;8,00E+00;1,95E-12;
 ;9,00E+00;1,92E-12;
 ;1,00E+01;1,97E-12;9,81609E-15
0,99;1,00E+00;1,72E-12;601
 ;2,00E+00;1,98E-12;
 ;3,00E+00;2,09E-12;
 ;4,00E+00;2,24E-12;
 ;5,00E+00;2,32E-12;
 ;6,00E+00;2,28E-12;
 ;7,00E+00;2,13E-12;
 ;8,00E+00;1,96E-12;
 ;9,00E+00;1,94E-12;
 ;1,00E+01;1,99E-12;9,81609E-15
1;1,00E+00;1,67E-12;590
 ;2,00E+00;1,93E-12;
 ;3,00E+00;2,04E-12;
 ;4,00E+00;2,18E-12;
 ;5,00E+00;2,25E-12;
 ;6,00E+00;2,21E-12;
 ;7,00E+00;2,07E-12;
 ;8,00E+00;1,91E-12;
 ;9,00E+00;1,88E-12;
 ;1,00E+01;1,93E-12;9,71489E-15
1,01;1,00E+00;1,64E-12;579
 ;2,00E+00;1,89E-12;
 ;3,00E+00;1,99E-12;
 ;4,00E+00;2,13E-12;
 ;5,00E+00;2,21E-12;
 ;6,00E+00;2,17E-12;
 ;7,00E+00;2,03E-12;
 ;8,00E+00;1,87E-12;
 ;9,00E+00;1,85E-12;
 ;1,00E+01;1,89E-12;9,3101E-15
1,02;1,00E+00;1,62E-12;568
 ;2,00E+00;1,87E-12;
 ;3,00E+00;1,98E-12;
 ;4,00E+00;2,12E-12;
 ;5,00E+00;2,19E-12;
 ;6,00E+00;2,15E-12;
 ;7,00E+00;2,02E-12;
 ;8,00E+00;1,85E-12;
 ;9,00E+00;1,83E-12;
 ;1,00E+01;1,87E-12;9,6137E-15
1,03;1,00E+00;1,63E-12;557
 ;2,00E+00;1,88E-12;
 ;3,00E+00;1,98E-12;
 ;4,00E+00;2,12E-12;
 ;5,00E+00;2,19E-12;
 ;6,00E+00;2,16E-12;
 ;7,00E+00;2,02E-12;
 ;8,00E+00;1,86E-12;
 ;9,00E+00;1,83E-12;
 ;1,00E+01;1,88E-12;9,6137E-15
1,04;1,00E+00;1,56E-12;547
 ;2,00E+00;1,80E-12;
 ;3,00E+00;1,90E-12;
 ;4,00E+00;2,03E-12;
 ;5,00E+00;2,10E-12;
 ;6,00E+00;2,07E-12;
 ;7,00E+00;1,94E-12;
 ;8,00E+00;1,78E-12;
 ;9,00E+00;1,76E-12;
 ;1,00E+01;1,80E-12;9,3101E-15
1,05;1,00E+00;1,60E-12;536
 ;2,00E+00;1,85E-12;
 ;3,00E+00;1,95E-12;
 ;4,00E+00;2,09E-12;
 ;5,00E+00;2,16E-12;
 ;6,00E+00;2,12E-12;
 ;7,00E+00;1,99E-12;
 ;8,00E+00;1,83E-12;
 ;9,00E+00;1,80E-12;
 ;1,00E+01;1,85E-12;9,81609E-15
1,06;1,00E+00;1,57E-12;526
 ;2,00E+00;1,81E-12;
 ;3,00E+00;1,91E-12;
 ;4,00E+00;2,05E-12;
 ;5,00E+00;2,12E-12;
 ;6,00E+00;2,08E-12;
 ;7,00E+00;1,95E-12;
 ;8,00E+00;1,79E-12;
 ;9,00E+00;1,77E-12;
 ;1,00E+01;1,81E-12;9,5125E-15
1,07;1,00E+00;1,56E-12;516
 ;2,00E+00;1,80E-12;
 ;3,00E+00;1,90E-12;
 ;4,00E+00;2,03E-12;
 ;5,00E+00;2,10E-12;
 ;6,00E+00;2,06E-12;
 ;7,00E+00;1,93E-12;
 ;8,00E+00;1,77E-12;
 ;9,00E+00;1,75E-12;
 ;1,00E+01;1,79E-12;9,71489E-15
1,08;1,00E+00;1,56E-12;506
 ;2,00E+00;1,80E-12;
 ;3,00E+00;1,90E-12;
 ;4,00E+00;2,03E-12;
 ;5,00E+00;2,10E-12;
 ;6,00E+00;2,07E-12;
 ;7,00E+00;1,93E-12;
 ;8,00E+00;1,78E-12;
 ;9,00E+00;1,76E-12;
 ;1,00E+01;1,79E-12;9,91729E-15
1,09;1,00E+00;1,49E-12;497
 ;2,00E+00;1,71E-12;
 ;3,00E+00;1,81E-12;
 ;4,00E+00;1,93E-12;
 ;5,00E+00;2,00E-12;
 ;6,00E+00;1,97E-12;
 ;7,00E+00;1,84E-12;
 ;8,00E+00;1,69E-12;
 ;9,00E+00;1,67E-12;
 ;1,00E+01;1,71E-12;9,4113E-15
1,1;1,00E+00;1,43E-12;488
 ;2,00E+00;1,65E-12;
 ;3,00E+00;1,74E-12;
 ;4,00E+00;1,86E-12;
 ;5,00E+00;1,92E-12;
 ;6,00E+00;1,89E-12;
 ;7,00E+00;1,77E-12;
 ;8,00E+00;1,63E-12;
 ;9,00E+00;1,61E-12;
 ;1,00E+01;1,64E-12;9,20891E-15
1,11;1,00E+00;1,47E-12;478
 ;2,00E+00;1,70E-12;
 ;3,00E+00;1,79E-12;
 ;4,00E+00;1,91E-12;
 ;5,00E+00;1,98E-12;
 ;6,00E+00;1,95E-12;
 ;7,00E+00;1,82E-12;
 ;8,00E+00;1,67E-12;
 ;9,00E+00;1,65E-12;
 ;1,00E+01;1,69E-12;9,5125E-15
1,12;1,00E+00;1,45E-12;469
 ;2,00E+00;1,67E-12;
 ;3,00E+00;1,76E-12;
 ;4,00E+00;1,88E-12;
 ;5,00E+00;1,94E-12;
 ;6,00E+00;1,91E-12;
 ;7,00E+00;1,79E-12;
 ;8,00E+00;1,64E-12;
 ;9,00E+00;1,62E-12;
 ;1,00E+01;1,65E-12;9,4113E-15
1,13;1,00E+00;1,53E-12;459
 ;2,00E+00;1,76E-12;
 ;3,00E+00;1,85E-12;
 ;4,00E+00;1,98E-12;
 ;5,00E+00;2,05E-12;
 ;6,00E+00;2,01E-12;
 ;7,00E+00;1,89E-12;
 ;8,00E+00;1,73E-12;
 ;9,00E+00;1,71E-12;
 ;1,00E+01;1,74E-12;9,91729E-15
1,14;1,00E+00;1,43E-12;451
 ;2,00E+00;1,64E-12;
 ;3,00E+00;1,73E-12;
 ;4,00E+00;1,85E-12;
 ;5,00E+00;1,91E-12;
 ;6,00E+00;1,89E-12;
 ;7,00E+00;1,77E-12;
 ;8,00E+00;1,62E-12;
 ;9,00E+00;1,60E-12;
 ;1,00E+01;1,63E-12;9,3101E-15
1,15;1,00E+00;1,45E-12;442
 ;2,00E+00;1,66E-12;
 ;3,00E+00;1,75E-12;
 ;4,00E+00;1,87E-12;
 ;5,00E+00;1,93E-12;
 ;6,00E+00;1,90E-12;
 ;7,00E+00;1,78E-12;
 ;8,00E+00;1,64E-12;
 ;9,00E+00;1,61E-12;
 ;1,00E+01;1,64E-12;9,71489E-15
1,16;1,00E+00;1,38E-12;434
 ;2,00E+00;1,58E-12;
 ;3,00E+00;1,66E-12;
 ;4,00E+00;1,78E-12;
 ;5,00E+00;1,84E-12;
 ;6,00E+00;1,81E-12;
 ;7,00E+00;1,70E-12;
 ;8,00E+00;1,56E-12;
 ;9,00E+00;1,54E-12;
 ;1,00E+01;1,56E-12;9,5125E-15
1,17;1,00E+00;1,42E-12;425
 ;2,00E+00;1,63E-12;
 ;3,00E+00;1,71E-12;
 ;4,00E+00;1,83E-12;
 ;5,00E+00;1,90E-12;
 ;6,00E+00;1,87E-12;
 ;7,00E+00;1,75E-12;
 ;8,00E+00;1,60E-12;
 ;9,00E+00;1,58E-12;
 ;1,00E+01;1,61E-12;9,81609E-15
1,18;1,00E+00;1,38E-12;417
 ;2,00E+00;1,58E-12;
 ;3,00E+00;1,66E-12;
 ;4,00E+00;1,77E-12;
 ;5,00E+00;1,84E-12;
 ;6,00E+00;1,81E-12;
 ;7,00E+00;1,70E-12;
 ;8,00E+00;1,56E-12;
 ;9,00E+00;1,53E-12;
 ;1,00E+01;1,56E-12;9,5125E-15
1,19;1,00E+00;1,34E-12;409
 ;2,00E+00;1,54E-12;
 ;3,00E+00;1,62E-12;
 ;4,00E+00;1,73E-12;
 ;5,00E+00;1,79E-12;
 ;6,00E+00;1,76E-12;
 ;7,00E+00;1,66E-12;
 ;8,00E+00;1,52E-12;
 ;9,00E+00;1,50E-12;
 ;1,00E+01;1,52E-12;9,4113E-15
1,2;1,00E+00;1,33E-12;401
 ;2,00E+00;1,52E-12;
 ;3,00E+00;1,60E-12;
 ;4,00E+00;1,71E-12;
 ;5,00E+00;1,77E-12;
 ;6,00E+00;1,74E-12;
 ;7,00E+00;1,64E-12;
 ;8,00E+00;1,50E-12;
 ;9,00E+00;1,48E-12;
 ;1,00E+01;1,50E-12;9,4113E-15
1,21;1,00E+00;1,32E-12;393
 ;2,00E+00;1,52E-12;
 ;3,00E+00;1,59E-12;
 ;4,00E+00;1,70E-12;
 ;5,00E+00;1,76E-12;
 ;6,00E+00;1,73E-12;
 ;7,00E+00;1,63E-12;
 ;8,00E+00;1,49E-12;
 ;9,00E+00;1,47E-12;
 ;1,00E+01;1,49E-12;9,5125E-15
1,22;1,00E+00;1,33E-12;385
 ;2,00E+00;1,52E-12;
 ;3,00E+00;1,60E-12;
 ;4,00E+00;1,71E-12;
 ;5,00E+00;1,77E-12;
 ;6,00E+00;1,74E-12;
 ;7,00E+00;1,63E-12;
 ;8,00E+00;1,50E-12;
 ;9,00E+00;1,47E-12;
 ;1,00E+01;1,50E-12;9,81609E-15
1,23;1,00E+00;1,35E-12;377
 ;2,00E+00;1,54E-12;
 ;3,00E+00;1,62E-12;
 ;4,00E+00;1,73E-12;
 ;5,00E+00;1,79E-12;
 ;6,00E+00;1,77E-12;
 ;7,00E+00;1,66E-12;
 ;8,00E+00;1,52E-12;
 ;9,00E+00;1,50E-12;
 ;1,00E+01;1,52E-12;9,71489E-15
1,24;1,00E+00;1,28E-12;370
 ;2,00E+00;1,46E-12;
 ;3,00E+00;1,53E-12;
 ;4,00E+00;1,64E-12;
 ;5,00E+00;1,70E-12;
 ;6,00E+00;1,67E-12;
 ;7,00E+00;1,57E-12;
 ;8,00E+00;1,44E-12;
 ;9,00E+00;1,42E-12;
 ;1,00E+01;1,43E-12;9,71489E-15
1,25;1,00E+00;1,22E-12;363
 ;2,00E+00;1,39E-12;
 ;3,00E+00;1,46E-12;
 ;4,00E+00;1,56E-12;
 ;5,00E+00;1,61E-12;
 ;6,00E+00;1,59E-12;
 ;7,00E+00;1,49E-12;
 ;8,00E+00;1,37E-12;
 ;9,00E+00;1,35E-12;
 ;1,00E+01;1,36E-12;9,3101E-15
1,26;1,00E+00;1,27E-12;355
 ;2,00E+00;1,45E-12;
 ;3,00E+00;1,52E-12;
 ;4,00E+00;1,63E-12;
 ;5,00E+00;1,69E-12;
 ;6,00E+00;1,66E-12;
 ;7,00E+00;1,56E-12;
 ;8,00E+00;1,43E-12;
 ;9,00E+00;1,41E-12;
 ;1,00E+01;1,43E-12;9,6137E-15
1,27;1,00E+00;1,23E-12;348
 ;2,00E+00;1,41E-12;
 ;3,00E+00;1,47E-12;
 ;4,00E+00;1,57E-12;
 ;5,00E+00;1,63E-12;
 ;6,00E+00;1,61E-12;
 ;7,00E+00;1,51E-12;
 ;8,00E+00;1,38E-12;
 ;9,00E+00;1,36E-12;
 ;1,00E+01;1,38E-12;9,4113E-15
1,28;1,00E+00;1,20E-12;341
 ;2,00E+00;1,37E-12;
 ;3,00E+00;1,44E-12;
 ;4,00E+00;1,53E-12;
 ;5,00E+00;1,59E-12;
 ;6,00E+00;1,57E-12;
 ;7,00E+00;1,47E-12;
 ;8,00E+00;1,35E-12;
 ;9,00E+00;1,33E-12;
 ;1,00E+01;1,34E-12;9,5125E-15
1,29;1,00E+00;1,18E-12;334
 ;2,00E+00;1,35E-12;
 ;3,00E+00;1,42E-12;
 ;4,00E+00;1,51E-12;
 ;5,00E+00;1,57E-12;
 ;6,00E+00;1,54E-12;
 ;7,00E+00;1,45E-12;
 ;8,00E+00;1,33E-12;
 ;9,00E+00;1,31E-12;
 ;1,00E+01;1,32E-12;9,4113E-15
1,3;1,00E+00;1,18E-12;327
 ;2,00E+00;1,34E-12;
 ;3,00E+00;1,41E-12;
 ;4,00E+00;1,50E-12;
 ;5,00E+00;1,56E-12;
 ;6,00E+00;1,53E-12;
 ;7,00E+00;1,44E-12;
 ;8,00E+00;1,32E-12;
 ;9,00E+00;1,30E-12;
 ;1,00E+01;1,31E-12;9,4113E-15
1,31;1,00E+00;1,18E-12;320
 ;2,00E+00;1,35E-12;
 ;3,00E+00;1,41E-12;
 ;4,00E+00;1,50E-12;
 ;5,00E+00;1,56E-12;
 ;6,00E+00;1,54E-12;
 ;7,00E+00;1,44E-12;
 ;8,00E+00;1,32E-12;
 ;9,00E+00;1,30E-12;
 ;1,00E+01;1,31E-12;9,71489E-15
1,32;1,00E+00;1,09E-12;314
 ;2,00E+00;1,24E-12;
 ;3,00E+00;1,30E-12;
 ;4,00E+00;1,39E-12;
 ;5,00E+00;1,44E-12;
 ;6,00E+00;1,42E-12;
 ;7,00E+00;1,33E-12;
 ;8,00E+00;1,22E-12;
 ;9,00E+00;1,20E-12;
 ;1,00E+01;1,20E-12;9,20891E-15
1,33;1,00E+00;1,11E-12;307
 ;2,00E+00;1,26E-12;
 ;3,00E+00;1,32E-12;
 ;4,00E+00;1,41E-12;
 ;5,00E+00;1,46E-12;
 ;6,00E+00;1,44E-12;
 ;7,00E+00;1,35E-12;
 ;8,00E+00;1,24E-12;
 ;9,00E+00;1,22E-12;
 ;1,00E+01;1,23E-12;9,3101E-15
1,34;1,00E+00;1,14E-12;300
 ;2,00E+00;1,30E-12;
 ;3,00E+00;1,36E-12;
 ;4,00E+00;1,45E-12;
 ;5,00E+00;1,50E-12;
 ;6,00E+00;1,48E-12;
 ;7,00E+00;1,39E-12;
 ;8,00E+00;1,27E-12;
 ;9,00E+00;1,25E-12;
 ;1,00E+01;1,26E-12;9,71489E-15
1,35;1,00E+00;1,07E-12;294
 ;2,00E+00;1,22E-12;
 ;3,00E+00;1,28E-12;
 ;4,00E+00;1,36E-12;
 ;5,00E+00;1,41E-12;
 ;6,00E+00;1,39E-12;
 ;7,00E+00;1,31E-12;
 ;8,00E+00;1,20E-12;
 ;9,00E+00;1,17E-12;
 ;1,00E+01;1,18E-12;9,4113E-15
1,36;1,00E+00;1,13E-12;287
 ;2,00E+00;1,28E-12;
 ;3,00E+00;1,34E-12;
 ;4,00E+00;1,43E-12;
 ;5,00E+00;1,48E-12;
 ;6,00E+00;1,46E-12;
 ;7,00E+00;1,37E-12;
 ;8,00E+00;1,25E-12;
 ;9,00E+00;1,23E-12;
 ;1,00E+01;1,24E-12;9,91729E-15
1,37;1,00E+00;1,07E-12;281
 ;2,00E+00;1,22E-12;
 ;3,00E+00;1,28E-12;
 ;4,00E+00;1,36E-12;
 ;5,00E+00;1,41E-12;
 ;6,00E+00;1,39E-12;
 ;7,00E+00;1,31E-12;
 ;8,00E+00;1,19E-12;
 ;9,00E+00;1,18E-12;
 ;1,00E+01;1,18E-12;9,81609E-15
1,38;1,00E+00;1,03E-12;275
 ;2,00E+00;1,17E-12;
 ;3,00E+00;1,22E-12;
 ;4,00E+00;1,30E-12;
 ;5,00E+00;1,35E-12;
 ;6,00E+00;1,33E-12;
 ;7,00E+00;1,25E-12;
 ;8,00E+00;1,14E-12;
 ;9,00E+00;1,13E-12;
 ;1,00E+01;1,13E-12;9,3101E-15
1,39;1,00E+00;1,00E-12;269
 ;2,00E+00;1,13E-12;
 ;3,00E+00;1,18E-12;
 ;4,00E+00;1,26E-12;
 ;5,00E+00;1,31E-12;
 ;6,00E+00;1,29E-12;
 ;7,00E+00;1,22E-12;
 ;8,00E+00;1,11E-12;
 ;9,00E+00;1,09E-12;
 ;1,00E+01;1,09E-12;9,20891E-15
1,4;1,00E+00;9,73E-13;263
 ;2,00E+00;1,10E-12;
 ;3,00E+00;1,15E-12;
 ;4,00E+00;1,23E-12;
 ;5,00E+00;1,27E-12;
 ;6,00E+00;1,26E-12;
 ;7,00E+00;1,18E-12;
 ;8,00E+00;1,08E-12;
 ;9,00E+00;1,06E-12;
 ;1,00E+01;1,06E-12;9,10771E-15
1,41;1,00E+00;9,55E-13;257
 ;2,00E+00;1,08E-12;
 ;3,00E+00;1,13E-12;
 ;4,00E+00;1,20E-12;
 ;5,00E+00;1,25E-12;
 ;6,00E+00;1,23E-12;
 ;7,00E+00;1,16E-12;
 ;8,00E+00;1,05E-12;
 ;9,00E+00;1,03E-12;
 ;1,00E+01;1,04E-12;9,00651E-15
1,42;1,00E+00;9,46E-13;251
 ;2,00E+00;1,07E-12;
 ;3,00E+00;1,12E-12;
 ;4,00E+00;1,19E-12;
 ;5,00E+00;1,24E-12;
 ;6,00E+00;1,22E-12;
 ;7,00E+00;1,15E-12;
 ;8,00E+00;1,04E-12;
 ;9,00E+00;1,03E-12;
 ;1,00E+01;1,03E-12;9,20891E-15
1,43;1,00E+00;9,38E-13;245
 ;2,00E+00;1,06E-12;
 ;3,00E+00;1,11E-12;
 ;4,00E+00;1,18E-12;
 ;5,00E+00;1,23E-12;
 ;6,00E+00;1,21E-12;
 ;7,00E+00;1,14E-12;
 ;8,00E+00;1,03E-12;
 ;9,00E+00;1,02E-12;
 ;1,00E+01;1,02E-12;9,3101E-15
1,44;1,00E+00;9,44E-13;239
 ;2,00E+00;1,06E-12;
 ;3,00E+00;1,11E-12;
 ;4,00E+00;1,18E-12;
 ;5,00E+00;1,23E-12;
 ;6,00E+00;1,21E-12;
 ;7,00E+00;1,14E-12;
 ;8,00E+00;1,04E-12;
 ;9,00E+00;1,02E-12;
 ;1,00E+01;1,01E-12;9,6137E-15
1,45;1,00E+00;9,58E-13;233
 ;2,00E+00;1,08E-12;
 ;3,00E+00;1,12E-12;
 ;4,00E+00;1,20E-12;
 ;5,00E+00;1,25E-12;
 ;6,00E+00;1,23E-12;
 ;7,00E+00;1,16E-12;
 ;8,00E+00;1,05E-12;
 ;9,00E+00;1,03E-12;
 ;1,00E+01;1,03E-12;9,91729E-15
1,46;1,00E+00;8,62E-13;228
 ;2,00E+00;9,68E-13;
 ;3,00E+00;1,01E-12;
 ;4,00E+00;1,07E-12;
 ;5,00E+00;1,12E-12;
 ;6,00E+00;1,10E-12;
 ;7,00E+00;1,04E-12;
 ;8,00E+00;9,42E-13;
 ;9,00E+00;9,27E-13;
 ;1,00E+01;9,22E-13;8,70292E-15
1,47;1,00E+00;8,83E-13;222
 ;2,00E+00;9,95E-13;
 ;3,00E+00;1,03E-12;
 ;4,00E+00;1,10E-12;
 ;5,00E+00;1,14E-12;
 ;6,00E+00;1,13E-12;
 ;7,00E+00;1,07E-12;
 ;8,00E+00;9,69E-13;
 ;9,00E+00;9,50E-13;
 ;1,00E+01;9,45E-13;9,3101E-15
1,48;1,00E+00;9,23E-13;216
 ;2,00E+00;1,04E-12;
 ;3,00E+00;1,08E-12;
 ;4,00E+00;1,15E-12;
 ;5,00E+00;1,19E-12;
 ;6,00E+00;1,17E-12;
 ;7,00E+00;1,11E-12;
 ;8,00E+00;1,01E-12;
 ;9,00E+00;9,86E-13;
 ;1,00E+01;9,79E-13;9,91729E-15
1,49;1,00E+00;8,34E-13;211
 ;2,00E+00;9,36E-13;
 ;3,00E+00;9,73E-13;
 ;4,00E+00;1,04E-12;
 ;5,00E+00;1,08E-12;
 ;6,00E+00;1,06E-12;
 ;7,00E+00;1,00E-12;
 ;8,00E+00;9,08E-13;
 ;9,00E+00;8,94E-13;
 ;1,00E+01;8,85E-13;9,10771E-15
1,5;1,00E+00;7,61E-13;206
 ;2,00E+00;8,52E-13;
 ;3,00E+00;8,83E-13;
 ;4,00E+00;9,42E-13;
 ;5,00E+00;9,81E-13;
 ;6,00E+00;9,70E-13;
 ;7,00E+00;9,16E-13;
 ;8,00E+00;8,27E-13;
 ;9,00E+00;8,10E-13;
 ;1,00E+01;8,01E-13;8,50053E-15
1,51;1,00E+00;8,04E-13;200
 ;2,00E+00;9,02E-13;
 ;3,00E+00;9,34E-13;
 ;4,00E+00;9,96E-13;
 ;5,00E+00;1,04E-12;
 ;6,00E+00;1,02E-12;
 ;7,00E+00;9,65E-13;
 ;8,00E+00;8,71E-13;
 ;9,00E+00;8,56E-13;
 ;1,00E+01;8,46E-13;9,10771E-15
1,52;1,00E+00;7,41E-13;195
 ;2,00E+00;8,29E-13;
 ;3,00E+00;8,57E-13;
 ;4,00E+00;9,14E-13;
 ;5,00E+00;9,52E-13;
 ;6,00E+00;9,41E-13;
 ;7,00E+00;8,88E-13;
 ;8,00E+00;8,01E-13;
 ;9,00E+00;7,83E-13;
 ;1,00E+01;7,76E-13;8,50053E-15
1,53;1,00E+00;8,01E-13;189
 ;2,00E+00;8,96E-13;
 ;3,00E+00;9,27E-13;
 ;4,00E+00;9,89E-13;
 ;5,00E+00;1,03E-12;
 ;6,00E+00;1,02E-12;
 ;7,00E+00;9,59E-13;
 ;8,00E+00;8,67E-13;
 ;9,00E+00;8,47E-13;
 ;1,00E+01;8,33E-13;9,71489E-15
1,54;1,00E+00;7,41E-13;184
 ;2,00E+00;8,28E-13;
 ;3,00E+00;8,54E-13;
 ;4,00E+00;9,10E-13;
 ;5,00E+00;9,49E-13;
 ;6,00E+00;9,38E-13;
 ;7,00E+00;8,83E-13;
 ;8,00E+00;7,99E-13;
 ;9,00E+00;7,82E-13;
 ;1,00E+01;7,71E-13;8,90532E-15
1,55;1,00E+00;6,87E-13;179
 ;2,00E+00;7,66E-13;
 ;3,00E+00;7,86E-13;
 ;4,00E+00;8,41E-13;
 ;5,00E+00;8,78E-13;
 ;6,00E+00;8,70E-13;
 ;7,00E+00;8,19E-13;
 ;8,00E+00;7,38E-13;
 ;9,00E+00;7,19E-13;
 ;1,00E+01;7,09E-13;8,29814E-15
1,56;1,00E+00;7,41E-13;173
 ;2,00E+00;8,77E-13;
 ;3,00E+00;8,65E-13;
 ;4,00E+00;9,45E-13;
 ;5,00E+00;9,56E-13;
 ;6,00E+00;9,78E-13;
 ;7,00E+00;8,90E-13;
 ;8,00E+00;8,31E-13;
 ;9,00E+00;7,60E-13;
 ;1,00E+01;7,98E-13;7,89335E-15
1,57;1,00E+00;5,60E-14;175
 ;2,00E+00;4,05E-13;
 ;3,00E+00;1,67E-13;
 ;4,00E+00;3,33E-13;
 ;5,00E+00;1,48E-13;
 ;6,00E+00;3,68E-13;
 ;7,00E+00;1,07E-13;
 ;8,00E+00;2,97E-13;
 ;9,00E+00;-6,93E-14;
 ;1,00E+01;2,79E-13;7,69096E-15
1,58;1,00E+00;1,28E-13;190
 ;2,00E+00;-1,55E-13;
 ;3,00E+00;5,73E-14;
 ;4,00E+00;-7,37E-14;
 ;5,00E+00;9,77E-14;
 ;6,00E+00;-9,41E-14;
 ;7,00E+00;1,17E-13;
 ;8,00E+00;-6,93E-14;
 ;9,00E+00;2,47E-13;
 ;1,00E+01;-6,22E-14;9,10771E-15
1,59;1,00E+00;1,29E-13;206
 ;2,00E+00;-1,74E-13;
 ;3,00E+00;4,97E-14;
 ;4,00E+00;-8,70E-14;
 ;5,00E+00;9,33E-14;
 ;6,00E+00;-1,09E-13;
 ;7,00E+00;1,17E-13;
 ;8,00E+00;-7,99E-14;
 ;9,00E+00;2,54E-13;
 ;1,00E+01;-7,46E-14;9,4113E-15
1,6;1,00E+00;-1,36E-13;225
 ;2,00E+00;1,69E-13;
 ;3,00E+00;-5,55E-14;
 ;4,00E+00;8,13E-14;
 ;5,00E+00;-9,77E-14;
 ;6,00E+00;1,05E-13;
 ;7,00E+00;-1,23E-13;
 ;8,00E+00;7,55E-14;
 ;9,00E+00;-2,68E-13;
 ;1,00E+01;6,57E-14;9,20891E-15
1,61;1,00E+00;-1,41E-13;247
 ;2,00E+00;1,84E-13;
 ;3,00E+00;-4,88E-14;
 ;4,00E+00;9,64E-14;
 ;5,00E+00;-9,68E-14;
 ;6,00E+00;1,18E-13;
 ;7,00E+00;-1,26E-13;
 ;8,00E+00;8,88E-14;
 ;9,00E+00;-2,82E-13;
 ;1,00E+01;7,46E-14;9,6137E-15
1,62;1,00E+00;1,42E-13;274
 ;2,00E+00;-1,76E-13;
 ;3,00E+00;5,64E-14;
 ;4,00E+00;-8,44E-14;
 ;5,00E+00;1,01E-13;
 ;6,00E+00;-1,09E-13;
 ;7,00E+00;1,28E-13;
 ;8,00E+00;-7,99E-14;
 ;9,00E+00;2,86E-13;
 ;1,00E+01;-7,11E-14;9,6137E-15
1,63;1,00E+00;-1,44E-13;307
 ;2,00E+00;1,77E-13;
 ;3,00E+00;-4,93E-14;
 ;4,00E+00;8,88E-14;
 ;5,00E+00;-9,68E-14;
 ;6,00E+00;1,15E-13;
 ;7,00E+00;-1,25E-13;
 ;8,00E+00;8,26E-14;
 ;9,00E+00;-2,88E-13;
 ;1,00E+01;7,11E-14;9,3101E-15
1,64;1,00E+00;-1,52E-13;347
 ;2,00E+00;1,96E-13;
 ;3,00E+00;-4,80E-14;
 ;4,00E+00;9,99E-14;
 ;5,00E+00;-9,77E-14;
 ;6,00E+00;1,28E-13;
 ;7,00E+00;-1,35E-13;
 ;8,00E+00;9,33E-14;
 ;9,00E+00;-3,09E-13;
 ;1,00E+01;7,99E-14;9,91729E-15
1,65;1,00E+00;1,42E-13;400
 ;2,00E+00;-1,85E-13;
 ;3,00E+00;4,62E-14;
 ;4,00E+00;-9,33E-14;
 ;5,00E+00;9,15E-14;
 ;6,00E+00;-1,19E-13;
 ;7,00E+00;1,24E-13;
 ;8,00E+00;-8,88E-14;
 ;9,00E+00;2,97E-13;
 ;1,00E+01;-7,46E-14;9,3101E-15
1,66;1,00E+00;-1,50E-13;469
 ;2,00E+00;1,82E-13;
 ;3,00E+00;-4,66E-14;
 ;4,00E+00;9,10E-14;
 ;5,00E+00;-9,50E-14;
 ;6,00E+00;1,17E-13;
 ;7,00E+00;-1,31E-13;
 ;8,00E+00;8,44E-14;
 ;9,00E+00;-3,06E-13;
 ;1,00E+01;6,93E-14;9,20891E-15
1,67;1,00E+00;1,66E-13;562
 ;2,00E+00;-2,03E-13;
 ;3,00E+00;4,13E-14;
 ;4,00E+00;-1,10E-13;
 ;5,00E+00;9,50E-14;
 ;6,00E+00;-1,40E-13;
 ;7,00E+00;1,34E-13;
 ;8,00E+00;-9,95E-14;
 ;9,00E+00;3,38E-13;
 ;1,00E+01;-7,99E-14;9,81609E-15
1,68;1,00E+00;1,70E-13;700
 ;2,00E+00;-2,12E-13;
 ;3,00E+00;3,51E-14;
 ;4,00E+00;-1,20E-13;
 ;5,00E+00;9,15E-14;
 ;6,00E+00;-1,47E-13;
 ;7,00E+00;1,37E-13;
 ;8,00E+00;-1,07E-13;
 ;9,00E+00;3,48E-13;
 ;1,00E+01;-8,17E-14;9,71489E-15
1,69;1,00E+00;1,64E-13;920
 ;2,00E+00;-2,03E-13;
 ;3,00E+00;3,69E-14;
 ;4,00E+00;-1,11E-13;
 ;5,00E+00;9,06E-14;
 ;6,00E+00;-1,40E-13;
 ;7,00E+00;1,32E-13;
 ;8,00E+00;-1,03E-13;
 ;9,00E+00;3,43E-13;
 ;1,00E+01;-8,17E-14;9,71489E-15
1,7;1,00E+00;1,89E-13;1†310
 ;2,00E+00;-2,29E-13;
 ;3,00E+00;2,75E-14;
 ;4,00E+00;-1,40E-13;
 ;5,00E+00;8,79E-14;
 ;6,00E+00;-1,66E-13;
 ;7,00E+00;1,44E-13;
 ;8,00E+00;-1,19E-13;
 ;9,00E+00;3,82E-13;
 ;1,00E+01;-8,53E-14;9,81609E-15
1,71;1,00E+00;2,09E-13;2†216
 ;2,00E+00;-2,18E-13;
 ;3,00E+00;3,51E-14;
 ;4,00E+00;-1,38E-13;
 ;5,00E+00;9,86E-14;
 ;6,00E+00;-1,63E-13;
 ;7,00E+00;1,55E-13;
 ;8,00E+00;-1,12E-13;
 ;9,00E+00;4,07E-13;
 ;1,00E+01;-7,28E-14;9,71489E-15
1,72;1,00E+00;-2,25E-13;6†187
 ;2,00E+00;2,54E-13;
 ;3,00E+00;-1,47E-14;
 ;4,00E+00;1,79E-13;
 ;5,00E+00;-8,53E-14;
 ;6,00E+00;2,03E-13;
 ;7,00E+00;-1,49E-13;
 ;8,00E+00;1,41E-13;
 ;9,00E+00;-4,41E-13;
 ;1,00E+01;8,70E-14;9,81609E-15
1,73;#»Ãﬂ?;inf;254†631
 ;#»Ãﬂ?;inf;
 ;#»Ãﬂ?;inf;
 ;#»Ãﬂ?;inf;
 ;#»Ãﬂ?;inf;
 ;#»Ãﬂ?;inf;
 ;#»Ãﬂ?;inf;
 ;#»Ãﬂ?;inf;
 ;-na†n(i†nd);-na†n(i†nd);
 ;-na†n(i†nd);-na†n(i†nd);-na†n(i†nd)
1,74;inf;#»Ãﬂ?;84†418
 ;inf;#»Ãﬂ?;
 ;inf;#»Ãﬂ?;
 ;inf;#»Ãﬂ?;
 ;inf;#»Ãﬂ?;
 ;inf;#»Ãﬂ?;
 ;inf;#»Ãﬂ?;
 ;inf;#»Ãﬂ?;
 ;-na†n(i†nd);-na†n(i†nd);
 ;-na†n(i†nd);-na†n(i†nd);-na†n(i†nd)
1,75;#»Ãﬂ?;inf;280†010
 ;#»Ãﬂ?;inf;
 ;#»Ãﬂ?;inf;
 ;#»Ãﬂ?;inf;
 ;#»Ãﬂ?;inf;
 ;#»Ãﬂ?;inf;
 ;#»Ãﬂ?;inf;
 ;#»Ãﬂ?;inf;
 ;-na†n(i†nd);-na†n(i†nd);
 ;-na†n(i†nd);-na†n(i†nd);-na†n(i†nd)
1,76;#»Ãﬂ?;inf;40†958
 ;#»Ãﬂ?;inf;
 ;#»Ãﬂ?;inf;
 ;#»Ãﬂ?;inf;
 ;#»Ãﬂ?;inf;
 ;#»Ãﬂ?;inf;
 ;#»Ãﬂ?;inf;
 ;#»Ãﬂ?;inf;
 ;-na†n(i†nd);-na†n(i†nd);
 ;-na†n(i†nd);-na†n(i†nd);-na†n(i†nd)
1,77;inf;#»Ãﬂ?;22†231
 ;inf;#»Ãﬂ?;
 ;inf;#»Ãﬂ?;
 ;inf;#»Ãﬂ?;
 ;inf;#»Ãﬂ?;
 ;inf;#»Ãﬂ?;
 ;inf;#»Ãﬂ?;
 ;inf;#»Ãﬂ?;
 ;-na†n(i†nd);-na†n(i†nd);
 ;-na†n(i†nd);-na†n(i†nd);-na†n(i†nd)
1,78;#»Ãﬂ?;inf;15†313
 ;#»Ãﬂ?;inf;
 ;#»Ãﬂ?;inf;
 ;#»Ãﬂ?;inf;
 ;#»Ãﬂ?;inf;
 ;#»Ãﬂ?;inf;
 ;#»Ãﬂ?;inf;
 ;#»Ãﬂ?;inf;
 ;-na†n(i†nd);-na†n(i†nd);
 ;-na†n(i†nd);-na†n(i†nd);-na†n(i†nd)
1,79;#»Ãﬂ?;inf;11†698
 ;#»Ãﬂ?;inf;
 ;#»Ãﬂ?;inf;
 ;#»Ãﬂ?;inf;
 ;#»Ãﬂ?;inf;
 ;#»Ãﬂ?;inf;
 ;#»Ãﬂ?;inf;
 ;#»Ãﬂ?;inf;
 ;-na†n(i†nd);-na†n(i†nd);
 ;-na†n(i†nd);-na†n(i†nd);-na†n(i†nd)
1,8;#»Ãﬂ?;inf;9†502
 ;#»Ãﬂ?;inf;
 ;#»Ãﬂ?;inf;
 ;#»Ãﬂ?;inf;
 ;#»Ãﬂ?;inf;
 ;#»Ãﬂ?;inf;
 ;#»Ãﬂ?;inf;
 ;#»Ãﬂ?;inf;
 ;-na†n(i†nd);-na†n(i†nd);
 ;-na†n(i†nd);-na†n(i†nd);-na†n(i†nd)
1,81;inf;#»Ãﬂ?;7†996
 ;inf;#»Ãﬂ?;
 ;inf;#»Ãﬂ?;
 ;inf;#»Ãﬂ?;
 ;inf;#»Ãﬂ?;
 ;inf;#»Ãﬂ?;
 ;inf;#»Ãﬂ?;
 ;inf;#»Ãﬂ?;
 ;-na†n(i†nd);-na†n(i†nd);
 ;-na†n(i†nd);-na†n(i†nd);-na†n(i†nd)
1,82;#»Ãﬂ?;inf;6†925
 ;#»Ãﬂ?;inf;
 ;#»Ãﬂ?;inf;
 ;#»Ãﬂ?;inf;
 ;#»Ãﬂ?;inf;
 ;#»Ãﬂ?;inf;
 ;#»Ãﬂ?;inf;
 ;#»Ãﬂ?;inf;
 ;-na†n(i†nd);-na†n(i†nd);
 ;-na†n(i†nd);-na†n(i†nd);-na†n(i†nd)
1,83;inf;#»Ãﬂ?;6†103
 ;inf;#»Ãﬂ?;
 ;inf;#»Ãﬂ?;
 ;inf;#»Ãﬂ?;
 ;inf;#»Ãﬂ?;
 ;inf;#»Ãﬂ?;
 ;inf;#»Ãﬂ?;
 ;inf;#»Ãﬂ?;
 ;-na†n(i†nd);-na†n(i†nd);
 ;-na†n(i†nd);-na†n(i†nd);-na†n(i†nd)
1,84;#»Ãﬂ?;inf;5†471
 ;#»Ãﬂ?;inf;
 ;#»Ãﬂ?;inf;
 ;#»Ãﬂ?;inf;
 ;#»Ãﬂ?;inf;
 ;#»Ãﬂ?;inf;
 ;#»Ãﬂ?;inf;
 ;#»Ãﬂ?;inf;
 ;-na†n(i†nd);-na†n(i†nd);
 ;-na†n(i†nd);-na†n(i†nd);-na†n(i†nd)
1,85;inf;#»Ãﬂ?;4†957
 ;inf;#»Ãﬂ?;
 ;inf;#»Ãﬂ?;
 ;inf;#»Ãﬂ?;
 ;inf;#»Ãﬂ?;
 ;inf;#»Ãﬂ?;
 ;inf;#»Ãﬂ?;
 ;inf;#»Ãﬂ?;
 ;-na†n(i†nd);-na†n(i†nd);
 ;-na†n(i†nd);-na†n(i†nd);-na†n(i†nd)
1,86;inf;#»Ãﬂ?;4†542
 ;inf;#»Ãﬂ?;
 ;inf;#»Ãﬂ?;
 ;-na†n(i†nd);-na†n(i†nd);
 ;-na†n(i†nd);-na†n(i†nd);
 ;-na†n(i†nd);-na†n(i†nd);
 ;-na†n(i†nd);-na†n(i†nd);
 ;-na†n(i†nd);-na†n(i†nd);
 ;-na†n(i†nd);-na†n(i†nd);
 ;-na†n(i†nd);-na†n(i†nd);-na†n(i†nd)
1,87;inf;#»Ãﬂ?;4†186
 ;inf;#»Ãﬂ?;
 ;inf;#»Ãﬂ?;
 ;inf;#»Ãﬂ?;
 ;inf;#»Ãﬂ?;
 ;inf;#»Ãﬂ?;
 ;inf;#»Ãﬂ?;
 ;inf;#»Ãﬂ?;
 ;-na†n(i†nd);-na†n(i†nd);
 ;-na†n(i†nd);-na†n(i†nd);-na†n(i†nd)
1,88;inf;#»Ãﬂ?;3†892
 ;inf;#»Ãﬂ?;
 ;inf;#»Ãﬂ?;
 ;-na†n(i†nd);-na†n(i†nd);
 ;-na†n(i†nd);-na†n(i†nd);
 ;-na†n(i†nd);-na†n(i†nd);
 ;-na†n(i†nd);-na†n(i†nd);
 ;-na†n(i†nd);-na†n(i†nd);
 ;-na†n(i†nd);-na†n(i†nd);
 ;-na†n(i†nd);-na†n(i†nd);-na†n(i†nd)
1,89;inf;#»Ãﬂ?;3†631
 ;inf;#»Ãﬂ?;
 ;inf;#»Ãﬂ?;
 ;inf;#»Ãﬂ?;
 ;inf;#»Ãﬂ?;
 ;inf;#»Ãﬂ?;
 ;inf;#»Ãﬂ?;
 ;inf;#»Ãﬂ?;
 ;-na†n(i†nd);-na†n(i†nd);
 ;-na†n(i†nd);-na†n(i†nd);-na†n(i†nd)
1,9;#»Ãﬂ?;inf;3†412
 ;#»Ãﬂ?;inf;
 ;#»Ãﬂ?;inf;
 ;#»Ãﬂ?;inf;
 ;#»Ãﬂ?;inf;
 ;#»Ãﬂ?;inf;
 ;#»Ãﬂ?;inf;
 ;#»Ãﬂ?;inf;
 ;-na†n(i†nd);-na†n(i†nd);
 ;-na†n(i†nd);-na†n(i†nd);-na†n(i†nd)
1,91;inf;#»Ãﬂ?;3†218
 ;-na†n(i†nd);-na†n(i†nd);
 ;-na†n(i†nd);-na†n(i†nd);
 ;-na†n(i†nd);-na†n(i†nd);
 ;-na†n(i†nd);-na†n(i†nd);
 ;-na†n(i†nd);-na†n(i†nd);
 ;-na†n(i†nd);-na†n(i†nd);
 ;-na†n(i†nd);-na†n(i†nd);
 ;-na†n(i†nd);-na†n(i†nd);
 ;-na†n(i†nd);-na†n(i†nd);-na†n(i†nd)
1,92;#»Ãﬂ?;inf;3†044
 ;#»Ãﬂ?;inf;
 ;#»Ãﬂ?;inf;
 ;#»Ãﬂ?;inf;
 ;#»Ãﬂ?;inf;
 ;#»Ãﬂ?;inf;
 ;#»Ãﬂ?;inf;
 ;#»Ãﬂ?;inf;
 ;-na†n(i†nd);-na†n(i†nd);
 ;-na†n(i†nd);-na†n(i†nd);-na†n(i†nd)
1,93;#»Ãﬂ?;inf;2†888
 ;#»Ãﬂ?;inf;
 ;#»Ãﬂ?;inf;
 ;#»Ãﬂ?;inf;
 ;#»Ãﬂ?;inf;
 ;#»Ãﬂ?;inf;
 ;#»Ãﬂ?;inf;
 ;#»Ãﬂ?;inf;
 ;-na†n(i†nd);-na†n(i†nd);
 ;-na†n(i†nd);-na†n(i†nd);-na†n(i†nd)
1,94;#»Ãﬂ?;inf;2†750
 ;#»Ãﬂ?;inf;
 ;#»Ãﬂ?;inf;
 ;#»Ãﬂ?;inf;
 ;#»Ãﬂ?;inf;
 ;#»Ãﬂ?;inf;
 ;#»Ãﬂ?;inf;
 ;#»Ãﬂ?;inf;
 ;-na†n(i†nd);-na†n(i†nd);
 ;-na†n(i†nd);-na†n(i†nd);-na†n(i†nd)
1,95;inf;#»Ãﬂ?;2†627
 ;inf;#»Ãﬂ?;
 ;inf;#»Ãﬂ?;
 ;inf;#»Ãﬂ?;
 ;inf;#»Ãﬂ?;
 ;inf;#»Ãﬂ?;
 ;inf;#»Ãﬂ?;
 ;inf;#»Ãﬂ?;
 ;-na†n(i†nd);-na†n(i†nd);
 ;-na†n(i†nd);-na†n(i†nd);-na†n(i†nd)
1,96;inf;#»Ãﬂ?;2†515
 ;inf;#»Ãﬂ?;
 ;inf;#»Ãﬂ?;
 ;inf;#»Ãﬂ?;
 ;inf;#»Ãﬂ?;
 ;inf;#»Ãﬂ?;
 ;inf;#»Ãﬂ?;
 ;inf;#»Ãﬂ?;
 ;-na†n(i†nd);-na†n(i†nd);
 ;-na†n(i†nd);-na†n(i†nd);-na†n(i†nd)
1,97;inf;#»Ãﬂ?;2†411
 ;inf;#»Ãﬂ?;
 ;inf;#»Ãﬂ?;
 ;inf;#»Ãﬂ?;
 ;inf;#»Ãﬂ?;
 ;inf;#»Ãﬂ?;
 ;inf;#»Ãﬂ?;
 ;inf;#»Ãﬂ?;
 ;-na†n(i†nd);-na†n(i†nd);
 ;-na†n(i†nd);-na†n(i†nd);-na†n(i†nd)
1,98;#»Ãﬂ?;inf;2†317
 ;#»Ãﬂ?;inf;
 ;#»Ãﬂ?;inf;
 ;#»Ãﬂ?;inf;
 ;#»Ãﬂ?;inf;
 ;#»Ãﬂ?;inf;
 ;#»Ãﬂ?;inf;
 ;#»Ãﬂ?;inf;
 ;-na†n(i†nd);-na†n(i†nd);
 ;-na†n(i†nd);-na†n(i†nd);-na†n(i†nd)
1,99;-1,09E+307;1,09E+307;2†235
 ;inf;#»Ãﬂ?;
 ;inf;#»Ãﬂ?;
 ;inf;#»Ãﬂ?;
 ;inf;#»Ãﬂ?;
 ;inf;#»Ãﬂ?;
 ;inf;#»Ãﬂ?;
 ;inf;#»Ãﬂ?;
 ;inf;#»Ãﬂ?;
 ;-na†n(i†nd);-na†n(i†nd);-na†n(i†nd)
